# callgrind format
version: 1
creator: callgrind-3.26.0
pid: 337862
cmd:  target/performance/profile-final churn/3d/128 5
part: 1


desc: I1 cache: 
desc: D1 cache: 
desc: LL cache: 

desc: Timerange: Basic block 0 - 43832342
desc: Trigger: Program termination

positions: line
events: Ir
summary: 359181320


ob=(7) /home/leona/Code/github.com/sagan-software/bevy-raytraced-audio/target/performance/profile-final
fl=(92) /nix/store/gdmwxvljfzg4170cywp01acax62izwpf-rust-default-1.99.0/lib/rustlib/src/rust/library/core/src/slice/sort/shared/pivot.rs
fn=(992) core::slice::sort::shared::pivot::median3_rec::<bevy_raytraced_audio::bvh::PrimitiveBounds, <[bevy_raytraced_audio::bvh::PrimitiveBounds]>::select_nth_unstable_by<<bevy_raytraced_audio::bvh::BoundingVolumeHierarchy>::build_node::{closure#3}>::{closure#0}>
55 240
+10 48
+1 24
fi=(126) /nix/store/gdmwxvljfzg4170cywp01acax62izwpf-rust-default-1.99.0/lib/rustlib/src/rust/library/core/src/ptr/const_ptr.rs
871 120
fe=(92)
67 48
cfn=(993) core::slice::sort::shared::pivot::median3_rec::<bevy_raytraced_audio::bvh::PrimitiveBounds, <[bevy_raytraced_audio::bvh::PrimitiveBounds]>::select_nth_unstable_by<<bevy_raytraced_audio::bvh::BoundingVolumeHierarchy>::build_node::{closure#3}>::{closure#0}>'2
calls=24 -12 
* 4476
-67 24
fi=(126)
871 48
fe=(92)
68 96
cfn=(993)
calls=24 -13 
* 4128
* 24
fi=(126)
871 48
fe=(92)
69 144
cfn=(993)
calls=24 -14 
* 4812

ob=(1) /nix/store/8kvxvr3pmsypxiypq4g8zy13glnfr7nx-glibc-2.42-67/lib/ld-linux-x86-64.so.2
fl=(1) ???
fn=(4) __rtld_malloc_init_stubs
0 11

fn=(44) __tls_pre_init_tp
0 20

fn=(68) _dl_hwcaps_subdirs_active
0 14

ob=(7)
fl=(92)
fn=(992)
69 24
-69 24
82 24
fi=(90) /nix/store/gdmwxvljfzg4170cywp01acax62izwpf-rust-default-1.99.0/lib/rustlib/src/rust/library/core/src/slice/mod.rs
3604 24
fi=(89) /home/leona/Code/github.com/sagan-software/bevy-raytraced-audio/src/bvh.rs
518 48
205 60
+2 18
0 36
205 12
+3 12
0 12
fi=(57) /nix/store/gdmwxvljfzg4170cywp01acax62izwpf-rust-default-1.99.0/lib/rustlib/src/rust/library/core/src/num/f64.rs
1651 18
0 6
1199 12
fi=(89)
0 36
fi=(57)
1651 54
0 18
1199 36
fe=(92)

ob=(1)
fl=(1)
fn=(68)
0 25

fn=(82) mempcpy
0 1128

ob=(7)
fl=(92)
fn=(992)
fi=(57)
0 48
1199 48
+2 72
fi=(89)
205 48
0 24
205 36
+3 12
0 6
207 12
0 12
fi=(57)
1651 12
1199 12
fi=(89)
0 36
fi=(57)
1651 36
1199 36
0 48
1199 48
+2 72
0 24
1264 48
1547 96
+1 96
fi=(66) /nix/store/gdmwxvljfzg4170cywp01acax62izwpf-rust-default-1.99.0/lib/rustlib/src/rust/library/core/src/cmp.rs
669 120
410 24
669 24
410 24
669 24
fi=(89)
205 72
+3 12
0 30
205 12
+2 12
0 12
fi=(57)
1651 12
1199 12
fi=(89)
0 36
fi=(57)
1651 36
1199 36
0 48
1199 48
+2 72
fi=(89)
205 48
0 24
205 36
+3 12
0 6
207 12
0 12
fi=(57)
1651 12
1199 12
fi=(89)
0 36
fi=(57)
1651 36
1199 36
0 48
1199 48
+2 72
0 24
1264 48
1547 96
+1 96
fi=(66)
669 96
410 24
669 24
410 24
669 24
fe=(92)
84 48
fi=(89)
205 24
fe=(92)

ob=(1)
fl=(1)
fn=(82)
0 1948

fn=(112) _dl_debug_state
0 4

fn=(138) open_verify.constprop.0
0 1254
cfn=(140) __open_nocancel
calls=66 0 
0 1968
0 230
cfn=(142) __read_nocancel
calls=4 0 
0 44
0 232

ob=(7)
fl=(92)
fn=(992)
fi=(89)
205 24
+3 6
0 12
207 6
0 18
fi=(57)
1651 12
1199 12
fi=(89)
0 12
fi=(57)
1651 12
1199 12
0 24
1199 24
+2 36
fi=(89)
205 48
+3 12
0 6
207 12
0 12
fi=(57)
1651 12
1199 12
fi=(89)
0 12
fi=(57)
1651 12
1199 12
0 12
1199 24
+2 36
0 12
1264 24
1547 48
+1 48
fi=(66)
669 36
410 12
669 12
410 12
669 12
fe=(92)
89 24
-89 12
73 192

fn=(993)
55 720
+10 144
-65 72
82 72
fi=(90)
3604 72
fi=(89)
518 144
205 180
+2 54
0 108
205 36
fe=(92)

ob=(1)
fl=(1)
fn=(138)
0 1054
cfn=(174) __pread64_nocancel
calls=1 0 
0 13
0 10

fn=(154) _dl_debug_update
0 45

fn=(170) cache_rpath
0 48

fn=(172) _dl_assign_tls_modid
0 40

fn=(198) _dl_allocate_tls_storage
0 11
cfn=(52) __minimal_malloc
calls=1 0 
0 24
0 318
cfn=(200) allocate_dtv
calls=1 0 
0 163
0 12

fn=(378) __rtld_mutex_init
0 12
cfn=(380) _dl_lookup_direct
calls=1 0 
0 220
0 18
cfn=(380)
calls=1 0 
0 204
0 20

fn=(384) lookup_malloc_symbol
0 60
cfn=(212) _dl_lookup_symbol_x
calls=4 0 
0 2541
0 120

fn=(1350) _dl_call_fini
0 124
cob=(3) /nix/store/8kvxvr3pmsypxiypq4g8zy13glnfr7nx-glibc-2.42-67/lib/libm.so.6
cfi=(3) ???
cfn=(1416) 0x00000000000115e0
calls=1 0 
0 107
cob=(6) /nix/store/7nww4d4yl7jzf66qllvyn61xb21vp7ry-gcc-15.2.0-libgcc/lib/libgcc_s.so.1
cfi=(6) ???
cfn=(1394) release_registered_frames
calls=1 0 
0 39
cob=(5) /nix/store/l8kvr38dk84afq0bffmsdybfix0wdvci-valgrind-3.26.0/libexec/valgrind/vgpreload_core-amd64-linux.so
cfi=(5) ???
cfn=(1376) 0x00000000000010c0
calls=1 0 
0 106
cob=(7)
cfi=(7) ???
cfn=(1352) 0x0000000000044d40
calls=1 0 
0 106
0 1
cob=(6)
cfi=(6)
cfn=(1398) 0x0000000000005a70
calls=1 0 
0 107
0 65
cob=(4) ???
cfi=(4) ???
cfn=(1432) 0x00000000049a77f8
calls=1 0 
0 4
cob=(4)
cfi=(4)
cfn=(1414) 0x000000000490bbe8
calls=1 0 
0 4
cob=(4)
cfi=(4)
cfn=(1392) 0x00000000048e129c
calls=1 0 
0 4
cob=(4)
cfi=(4)
cfn=(1372) 0x000000000409c9f4
calls=1 0 
0 4
0 20

fn=(1374) _dl_audit_objclose
0 66

fn=(8) _dl_sysdep_start
0 9
cfn=(10) _dl_sysdep_parse_arguments
calls=1 0 
0 1045
0 2
cfn=(12) __GI___tunables_init
calls=1 0 
0 72197
0 1
cfn=(14) _dl_sort_maps_init
calls=1 0 
0 43
0 2
cfn=(18) brk
calls=1 0 
0 11
0 1
cfn=(20) _dl_x86_init_cpu_features
calls=1 0 
0 7666
0 4
cfn=(38) strlen
calls=1 0 
0 17
0 3
cfn=(40) sbrk
calls=1 0 
0 16
0 11
cfn=(42) dl_main
calls=1 0 
0 304915
0 8

fn=(84) memset
0 482

fn=(102) __set_vma_name
0 33
cfn=(104) __is_decorate_maps_enabled
calls=3 0 
0 66
0 48

fn=(134) _dl_name_match_p
0 648
cfn=(62) strcmp
calls=72 0 
0 2602
0 897
cfn=(62)
calls=84 0 
0 3201
0 744

fn=(26) update_active.constprop.0
0 205

fn=(30) intel_check_word.constprop.0
0 5637

fn=(132) _dl_lookup_map
0 545
cfn=(134)
calls=32 0 
0 3534
0 355
cfn=(62)
calls=13 0 
0 381
0 120

fn=(200)
0 9
cfn=(50) __minimal_calloc
calls=1 0 
0 141
0 13

fn=(16) __tunable_get_val
0 950

fn=(48) _dl_new_object
0 97
cfn=(38)
calls=4 0 
0 112
0 36
cfn=(50)
calls=4 0 
0 140
0 3
cfn=(50)
calls=1 0 
0 41
0 70
cfn=(54) memcpy
calls=5 0 
0 74
0 364
cfn=(38)
calls=4 0 
0 244
0 44
cfn=(82)
calls=4 0 
0 116
0 418
cfn=(52)
calls=4 0 
0 96
0 34

fn=(50)
0 132
cfn=(52)
calls=12 0 
0 504

fn=(52)
0 917
cfn=(100) mmap
calls=3 0 
0 102
0 21
cfn=(102)
calls=3 0 
0 147
0 564

fn=(158) access
0 13

fn=(160) _dl_map_object_deps
0 171
cfn=(52)
calls=4 0 
0 96
0 32
cfn=(54)
calls=4 0 
0 44
0 24
cfn=(54)
calls=4 0 
0 44
0 467
cfn=(96) _dl_dst_count
calls=8 0 
0 400
0 64
cfn=(124) _dl_catch_exception
calls=8 0 
0 25826
0 1065
cfn=(52)
calls=1 0 
0 24
0 108
cfn=(178) _dl_sort_maps
calls=1 0 
0 458
0 84
cfn=(176) __libc_scratch_buffer_set_array_size
calls=4 0 
0 116
0 20
cfn=(54)
calls=1 0 
0 19
0 5

fn=(216) check_match
0 7147
cfn=(62)
calls=145 0 
0 7015
0 5630
cfn=(62)
calls=236 0 
0 7184
0 4834
cfn=(62)
calls=3 0 
0 185
0 36
cfn=(62)
calls=3 0 
0 121
0 51

fn=(10)
0 1045

fn=(98) __minimal_free
0 141
cfn=(84)
calls=1 0 
0 18
0 8

fn=(104)
0 25
cfn=(16)
calls=1 0 
0 25
0 25

fn=(140)
0 1968

fn=(162) openaux
0 144
cfn=(130) _dl_map_object
calls=8 0 
0 25034
0 88

fn=(178)
0 302
cfn=(180) dfs_traversal.part.0
calls=12 0 
0 510
0 128
cfn=(54)
calls=2 0 
0 38
0 2

fn=(184) version_check_doit
0 10
cfn=(186) _dl_check_all_versions
calls=1 0 
0 17414
0 9

fn=(364) _dl_tls_initial_modid_limit_setup
0 47

fn=(386) _dl_debug_post_relocate
0 14
cfn=(212)
calls=1 0 
0 675
0 25

fn=(412) _dl_unload_cache
0 10

fn=(36) do_tunable_update_val
0 240

fn=(92) strsep
0 11966

fn=(144) _dl_map_object_from_fd
0 124
cfn=(48)
calls=4 0 
0 1592
0 1743
cfn=(100)
calls=4 0 
0 144
0 244
cfn=(84)
calls=4 0 
0 371
0 232
cfn=(100)
calls=12 0 
0 348
0 36
cfn=(146) fstat
calls=4 0 
0 40
0 373
cfn=(174)
calls=1 0 
0 13
0 1772

ob=(7)
fl=(92)
fn=(993)
fi=(89)
208 36
0 36
fi=(57)
1651 54
0 18
1199 36
fe=(92)

ob=(1)
fl=(1)
fn=(144)
0 16
cfn=(148) _dl_process_pt_gnu_property
calls=4 0 
0 341
0 330
cfn=(150) __GI___close_nocancel
calls=4 0 
0 36
0 48
cfn=(6) _dl_setup_hash
calls=4 0 
0 132
0 93
cfn=(172)
calls=2 0 
0 40
0 12
cfn=(56) _dl_add_to_namespace_list
calls=4 0 
0 196
0 24
cfn=(152) _dl_notify_new_object
calls=4 0 
0 212
0 21
cfn=(100)
calls=1 0 
0 29
0 3
cfn=(104)
calls=1 0 
0 9
0 53
cfn=(62)
calls=3 0 
0 75
0 41

fn=(188) _dl_check_map_versions
0 474
cfn=(134)
calls=40 0 
0 4558
0 6052
cfn=(62)
calls=34 0 
0 1431
0 241
cfn=(62)
calls=1 0 
0 60
0 854
cfn=(50)
calls=5 0 
0 279
0 3322
cfn=(190) strncmp
calls=1 0 
0 57
0 2

fn=(208) _dl_relocate_object
0 56
cfn=(210) _dl_relocate_object_no_relro
calls=5 0 
0 215362
0 15
cfn=(302) _dl_protect_relro
calls=5 0 
0 205

fn=(12)
0 72197

fn=(34) __GI___tunable_set_val
0 36
cfn=(36)
calls=6 0 
0 240

fn=(54)
0 860

fn=(58) rtld_mutex_dummy
0 36

fn=(72) _dl_hwcaps_split
0 291
cfn=(74) index
calls=9 0 
0 216
0 138
cfn=(38)
calls=3 0 
0 51
0 30

fn=(114) _dl_audit_activity_map
0 10

fn=(128) map_doit
0 15
cfn=(130)
calls=1 0 
0 2772
0 11

fn=(168) fstatat
0 540

fn=(424) call_init
0 212
cob=(4)
cfi=(4)
cfn=(458) 0x00000000048e9000
calls=1 0 
0 7
cob=(4)
cfi=(4)
cfn=(448) 0x0000000004923000
calls=1 0 
0 7
cob=(4)
cfi=(4)
cfn=(426) 0x00000000048e1000
calls=1 0 
0 7
0 74
cob=(6)
cfi=(6)
cfn=(464) 0x0000000000005ab0
calls=1 0 
0 12
cob=(2) /nix/store/8kvxvr3pmsypxiypq4g8zy13glnfr7nx-glibc-2.42-67/lib/libc.so.6
cfi=(2) ???
cfn=(446) _IO_stdfiles_init
calls=1 0 
0 24
cob=(2)
cfi=(2)
cfn=(444) check_stdfiles_vtables
calls=1 0 
0 14
0 16
cob=(6)
cfi=(6)
cfn=(462) __cpu_indicator_init@GCC_4.8.0
calls=1 0 
0 361
cob=(3)
cfi=(3)
cfn=(452) 0x0000000000011620
calls=1 0 
0 12
cob=(2)
cfi=(2)
cfn=(436) _init_first
calls=1 0 
0 81
cob=(5)
cfi=(5)
cfn=(430) 0x0000000000001100
calls=1 0 
0 12
0 114

fn=(56)
0 45
cfn=(58)
calls=5 0 
0 15
0 141
cfn=(58)
calls=4 0 
0 12
0 11
cfn=(58)
calls=1 0 
0 3
0 2

fn=(60) _dl_handle_execstack_tunable
0 8
cfn=(16)
calls=1 0 
0 25
0 11

fn=(78) bcmp
0 80

fn=(130)
0 153
cfn=(132)
calls=9 0 
0 4935
0 149
cfn=(136) _dl_map_new_object
calls=4 0 
0 22569

fn=(142)
0 44

fn=(152)
0 44
cfn=(154)
calls=4 0 
0 36
0 76
cfn=(156) _dl_audit_objopen
calls=4 0 
0 56

fn=(164) open_path
0 697
cfn=(82)
calls=37 0 
0 897
0 858
cfn=(82)
calls=65 0 
0 845
0 260
cfn=(82)
calls=65 0 
0 845
0 780
cfn=(138)
calls=65 0 
0 4683
0 353
cfn=(52)
calls=3 0 
0 72
0 21
cfn=(54)
calls=3 0 
0 81
0 1396
cfn=(166) stat
calls=35 0 
0 750
0 282

fn=(174)
0 26

fn=(0) 0x000000000001fd40
0 2
cfn=(2) _dl_start
calls=1 0 
0 386730
0 8
cfn=(418) _dl_cet_setup_features
calls=1 0 
0 10
0 10
cfn=(422) _dl_init
calls=1 0 
0 1051
0 3
cob=(7)
cfi=(7)
cfn=(472) (below main)
calls=1 0 
0 358793506

fn=(14)
0 8
cfn=(16)
calls=1 0 
0 25
0 10

fn=(18)
0 11

fn=(32) get_common_cache_info.constprop.0
0 160

ob=(7)
fl=(92)
fn=(993)
fi=(89)
0 108
fi=(57)
1651 162
0 54
1199 108
0 144
1199 144
+2 216
fi=(89)
205 144
0 72
205 108
+3 36
0 18
207 36
0 36
fi=(57)
1651 36
1199 36
fi=(89)
0 108
fi=(57)
1651 108
1199 108
0 144
1199 144
+2 216
0 72
1264 144
1547 288
+1 288
fi=(66)
669 360
410 72
669 72
410 72
669 72
fi=(89)
205 216
+3 36
0 90
205 36
+2 36
0 36
fi=(57)
1651 36
1199 36
fi=(89)
0 108
fi=(57)
1651 108
1199 108
0 144
1199 144
+2 216
fi=(89)
205 144
0 72
205 108
+3 36
0 18
207 36
0 36
fi=(57)
1651 36
1199 36
fi=(89)
0 108
fi=(57)
1651 108
1199 108
0 144
1199 144
+2 216
0 72
1264 144
1547 288
+1 288
fi=(66)
669 288
410 72
669 72
410 72
669 72
fe=(92)
84 144
fi=(89)
205 168
+3 18
0 84
205 24
+2 12
0 36
fi=(57)
1651 24
1199 24
fi=(89)
0 84
fi=(57)
1651 84
1199 84
0 108
1199 108
+2 162
fi=(89)
205 108
0 48
205 84
+3 36
0 18
207 24
0 24
fi=(57)
1651 24
1199 24
fi=(89)
0 84
fi=(57)
1651 84
1199 84
0 54
1199 108
+2 162
0 54
1264 108
1547 216
+1 216
fi=(66)
669 162
410 54
669 54
410 54
669 54
fe=(92)
89 108
-89 54
73 576

fl=(118) /rustc/b940084d7eb6a299eb4bfeb8e34901bc051e7ac4/library/core/src/slice/memchr.rs
fn=(1248) core::slice::memchr::memrchr_aligned
123 18
fi=(18) /rustc/b940084d7eb6a299eb4bfeb8e34901bc051e7ac4/library/core/src/ptr/mod.rs
2380 6
+1 9
fi=(119) /rustc/b940084d7eb6a299eb4bfeb8e34901bc051e7ac4/library/core/src/slice/mod.rs
4531 6
2062 2
4485 1
fe=(118)
140 2
fi=(120) /rustc/b940084d7eb6a299eb4bfeb8e34901bc051e7ac4/library/core/src/slice/index.rs
544 1
0 1
fi=(15) /rustc/b940084d7eb6a299eb4bfeb8e34901bc051e7ac4/library/core/src/ptr/non_null.rs
1663 1
fi=(116) /rustc/b940084d7eb6a299eb4bfeb8e34901bc051e7ac4/library/core/src/slice/iter/macros.rs
25 1
fi=(15)
1663 2
fi=(116)
25 5
-25 1
fe=(118)
144 1
fi=(116)
402 1
fi=(15)
1663 4
fi=(116)
25 1
-25 6
fi=(127) /rustc/b940084d7eb6a299eb4bfeb8e34901bc051e7ac4/library/core/src/num/mod.rs
1485 9
0 6
fe=(118)
154 6
0 3
fi=(11) /rustc/b940084d7eb6a299eb4bfeb8e34901bc051e7ac4/library/core/src/num/uint_macros.rs
1092 3
fi=(15)
1663 3
fi=(116)
25 3
-25 9
fe=(118)
172 3
fi=(116)
402 3
fi=(15)
1663 2
fi=(116)
25 4
-25 2
fe=(118)
173 21

fl=(112) /rustc/b940084d7eb6a299eb4bfeb8e34901bc051e7ac4/library/core/src/num/imp/flt2dec/mod.rs
fn=(1234) core::num::imp::flt2dec::digits_to_dec_str
177 2
+6 2
+1 2
+1 2
0 1
200 2
+15 1
+1 1
0 1
216 2
+15 1
+1 3
+1 2
0 1
244 3

fl=(73) /nix/store/gdmwxvljfzg4170cywp01acax62izwpf-rust-default-1.99.0/lib/rustlib/src/rust/library/std/src/sync/once.rs
fn=(894) <std::sync::once::Once>::call_once_force::<<std::sync::once_lock::OnceLock<alloc::sync::Arc<()>>>::initialize<<std::sync::once_lock::OnceLock<alloc::sync::Arc<()>>>::get_or_init<<bevy_raytraced_audio::scene2d::AcousticScene2d>::revision::{closure#0}>::{closure#0}, !>::{closure#0}>::{closure#0}
226 12
fi=(37) /nix/store/gdmwxvljfzg4170cywp01acax62izwpf-rust-default-1.99.0/lib/rustlib/src/rust/library/core/src/mem/mod.rs
975 6
+1 6
fi=(75) /nix/store/gdmwxvljfzg4170cywp01acax62izwpf-rust-default-1.99.0/lib/rustlib/src/rust/library/core/src/option.rs
+36 12
fi=(24) /rustc/b940084d7eb6a299eb4bfeb8e34901bc051e7ac4/library/std/src/sys/alloc/unix.rs
31 12
cob=(2)
cfi=(2)
cfn=(552) malloc
calls=6 -31 
* 1156
fi=(68) /nix/store/gdmwxvljfzg4170cywp01acax62izwpf-rust-default-1.99.0/lib/rustlib/src/rust/library/alloc/src/boxed.rs
251 12
+42 12
fi=(95) /nix/store/gdmwxvljfzg4170cywp01acax62izwpf-rust-default-1.99.0/lib/rustlib/src/rust/library/core/src/mem/maybe_uninit.rs
575 6
fe=(73)
226 12

fn=(936) <std::sync::once::Once>::call_once_force::<<std::sync::once_lock::OnceLock<bevy_raytraced_audio::scene3d::SceneAcceleration3d>>::initialize<<std::sync::once_lock::OnceLock<bevy_raytraced_audio::scene3d::SceneAcceleration3d>>::get_or_init<<bevy_raytraced_audio::scene3d::AcousticScene3d>::acceleration::{closure#0}>::{closure#0}, !>::{closure#0}>::{closure#0}
226 48
fi=(37)
975 12
+1 6
fi=(75)
+36 12
fi=(53) /nix/store/gdmwxvljfzg4170cywp01acax62izwpf-rust-default-1.99.0/lib/rustlib/src/rust/library/std/src/sync/once_lock.rs
572 6
fi=(47) /nix/store/gdmwxvljfzg4170cywp01acax62izwpf-rust-default-1.99.0/lib/rustlib/src/rust/library/core/src/num/uint_macros.rs
3212 6
fi=(61) /nix/store/gdmwxvljfzg4170cywp01acax62izwpf-rust-default-1.99.0/lib/rustlib/src/rust/library/core/src/intrinsics/mod.rs
478 18
fi=(42) /nix/store/gdmwxvljfzg4170cywp01acax62izwpf-rust-default-1.99.0/lib/rustlib/src/rust/library/alloc/src/raw_vec/mod.rs
0 12
461 18
0 6
fi=(24)
31 12
cob=(2)
cfi=(2)
cfn=(552)
calls=6 -31 
* 1846
-31 6
31 6
-31 6
fi=(42)
470 12
0 6
fi=(78) /nix/store/gdmwxvljfzg4170cywp01acax62izwpf-rust-default-1.99.0/lib/rustlib/src/rust/library/core/src/ptr/non_null.rs
1663 12
0 24
fi=(57)
828 12
0 882
fi=(89)
91 840
-91 840
fi=(98) /home/leona/Code/github.com/sagan-software/bevy-raytraced-audio/src/math3d.rs
59 6720
fi=(51) /home/leona/Code/github.com/sagan-software/bevy-raytraced-audio/src/scene3d.rs
383 2520
0 840
384 840
fi=(57)
2001 1680
cfi=(81) /rustc/b940084d7eb6a299eb4bfeb8e34901bc051e7ac4/library/compiler-builtins/compiler-builtins/src/macros.rs
cfn=(952) fma
calls=840 467 
* 6874
0 1680
fi=(56) /nix/store/gdmwxvljfzg4170cywp01acax62izwpf-rust-default-1.99.0/lib/rustlib/src/rust/library/core/src/convert/num.rs
72 1680
fi=(128) /home/leona/Code/github.com/sagan-software/bevy-raytraced-audio/src/acoustic_material.rs
+27 2520
+4 1680
0 840
fi=(56)
72 1680
fi=(128)
+31 1680
fi=(57)
2001 840
cfi=(81)
cfn=(952)
calls=840 467 
* 6720
0 1680
fi=(65) /nix/store/gdmwxvljfzg4170cywp01acax62izwpf-rust-default-1.99.0/lib/rustlib/src/rust/library/core/src/ptr/mod.rs
1963 6720
fi=(57)
1651 5040
fi=(89)
84 1680
fi=(57)
1118 2520
-27 1680
+27 5040
-27 1680
+27 5040
fi=(89)
84 840
+5 840
fi=(65)
1963 2520
fi=(57)
1091 7560
fi=(89)
92 840
fi=(65)
1963 20160
fi=(56)
72 1680
fi=(128)
+27 3360
fi=(57)
2001 840
cfi=(81)
cfn=(952)
calls=840 467 
* 6720
* 5880
cfi=(81)
cfn=(952)
calls=840 467 
* 6720
* 1680
fi=(65)
-38 5880
fi=(77) /nix/store/gdmwxvljfzg4170cywp01acax62izwpf-rust-default-1.99.0/lib/rustlib/src/rust/library/alloc/src/vec/set_len_on_drop.rs
19 840
fi=(46) /nix/store/gdmwxvljfzg4170cywp01acax62izwpf-rust-default-1.99.0/lib/rustlib/src/rust/library/core/src/slice/iter/macros.rs
279 4200
fi=(79) /nix/store/gdmwxvljfzg4170cywp01acax62izwpf-rust-default-1.99.0/lib/rustlib/src/rust/library/core/src/iter/adapters/copied.rs
36 2520
fi=(56)
+36 1680
-72 840
72 3360
-72 840
fi=(98)
29 840
-29 840
fi=(56)
72 840
fi=(98)
-41 840
-31 1680
29 840
-29 840
31 1680
+28 1680
+10 1680
-10 1680
+10 3360
+1 7560
-11 5880
fi=(79)
-23 840
-36 840
fi=(57)
1264 840
828 1680
fi=(79)
36 840
-36 840
36 840
-36 840
36 840
-36 840
fi=(57)
828 3360
0 2520
828 840
2122 2520
fi=(80) /nix/store/gdmwxvljfzg4170cywp01acax62izwpf-rust-default-1.99.0/lib/rustlib/src/rust/library/std/src/num/f64.rs
0 7560
fi=(57)
1264 840
828 4200
2122 1680
fi=(80)
0 9240
fi=(57)
1264 840
828 4200
2122 2520
fi=(80)
0 5040
fi=(57)
1091 840
0 840
1118 840
0 1680
1091 12600
1651 5040
fi=(89)
86 1680
+8 1680
fi=(57)
1118 840
0 1680
fi=(47)
3212 6
fi=(24)
31 18
cob=(2)
cfi=(2)
cfn=(552)
calls=6 -31 
* 1303
fi=(42)
470 12
fi=(88) /nix/store/gdmwxvljfzg4170cywp01acax62izwpf-rust-default-1.99.0/lib/rustlib/src/rust/library/alloc/src/vec/spec_from_iter_nested.rs
0 6
fi=(46)
279 66
0 6
fi=(65)
1963 90
fi=(77)
19 6
fi=(46)
279 24
fi=(65)
1963 6210
fi=(77)
19 414
fi=(46)
279 1668
fi=(89)
-9 6
+1 12
-1 6
+3 12
fi=(46)
0 12
fi=(89)
275 12
0 18
282 6
-62 6
+62 6
fi=(46)
+28 6
fi=(89)
-28 24
-62 24
+62 24
fi=(46)
+28 48
fi=(78)
1663 48
fi=(46)
180 24
0 6
fi=(89)
285 48
fi=(78)
1663 6
fi=(89)
289 6
-4 12
+7 24
cfn=(978) <bevy_raytraced_audio::bvh::BoundingVolumeHierarchy>::build_node
calls=6 468 
* 1290207
+6 12
+1 72
fi=(24)
65 12
cob=(2)
cfi=(2)
cfn=(654) free
calls=6 -65 
* 858
* 6
fi=(89)
300 6
fi=(95)
575 102
fe=(73)
226 48

fl=(89)
fn=(1080) <bevy_raytraced_audio::bvh::BoundingVolumeHierarchy>::visit_ray_node::<<bevy_raytraced_audio::scene3d::AcousticScene3d>::closest_hit::{closure#0}>
406 30720
+9 19968
0 1536
415 35632
fi=(96) /nix/store/gdmwxvljfzg4170cywp01acax62izwpf-rust-default-1.99.0/lib/rustlib/src/rust/library/core/src/slice/index.rs
186 35632
fe=(89)
429 17816
+14 7778
fi=(96)
184 15556
+2 7778
fe=(89)
444 46668
132 101114
0 23334
fi=(64) /nix/store/gdmwxvljfzg4170cywp01acax62izwpf-rust-default-1.99.0/lib/rustlib/src/rust/library/core/src/ops/index_range.rs
131 23334
fe=(89)
0 13496
fi=(64)
131 40488
fe=(89)
+21 72112
0 18028
fi=(65)
1755 90140
fi=(57)
725 36056
fe=(89)
152 18028
+7 36056
+1 36056
+3 18028
0 18028
163 18028
0 54564
168 9094
+3 9094
+3 36376
0 44670
168 8934
+3 8934
+3 35736
0 4532
447 4532
fi=(96)
184 9064
fe=(89)
0 7778
fi=(96)
184 7778
+2 7778
fe=(89)
448 46668
132 101114
0 23334
fi=(64)
131 15556
fe=(89)
0 22550
fi=(64)
131 45100
fe=(89)
+21 91704
0 22926
fi=(65)
1755 114630
fi=(57)
725 45852
fe=(89)
152 22926
+7 45852
+1 45852
+3 22926
0 22926
163 22926
0 67728
168 11288
+3 11288
+3 33864
0 58190
168 11638
+3 11638
+3 34914
0 376
450 760
0 7402
450 14804
0 9064
450 11024
0 2878
452 5756
0 360
459 180
0 1104
459 1104
0 5576
459 5576
0 3246
447 3246
fi=(96)
184 6492
fe=(89)
0 6492
460 12984
cfn=(1081) <bevy_raytraced_audio::bvh::BoundingVolumeHierarchy>::visit_ray_node::<<bevy_raytraced_audio::scene3d::AcousticScene3d>::closest_hit::{closure#0}>'2
calls=3246 -54 
* 6105586
0 35706
458 30390
-27 2260
fi=(47)
1092 2260
0 1130
1092 2260
fi=(78)
1663 1130
fi=(46)
180 1130
0 14690
180 3390
0 1130
fe=(89)
433 1130
fi=(75)
2439 2260
fe=(89)
433 2260
fi=(75)
2439 4520
fi=(66)
2105 2292
fi=(69) /home/leona/Code/github.com/sagan-software/bevy-raytraced-audio/src/ray_tracer3d.rs
560 2292
fi=(96)
184 6432
0 3216
186 6432
0 6432
fi=(69)
564 3216
cfn=(1090) bevy_raytraced_audio::ray_tracer3d::ray_triangle_distance
calls=3216 687 
* 211356
fi=(75)
2869 6432
0 252
fi=(69)
565 1008
0 252
fi=(75)
660 504
fi=(69)
-90 756
0 252
fe=(89)
422 252
0 252
425 756
0 8892
434 16950
+31 12288

fn=(1081)
406 183440
+9 119236
0 9172
415 85000
fi=(96)
186 85000
fe=(89)
429 42500
+14 16121
fi=(96)
184 32242
+2 16121
fe=(89)
444 96726
132 209573
0 48363
fi=(64)
131 48363
fe=(89)
0 27023
fi=(64)
131 81069
fe=(89)
+21 148872
0 37218
fi=(65)
1755 186090
fi=(57)
725 74436
fe=(89)
152 37218
+7 74436
+1 74436
+3 37218
0 37218
163 37218
0 108912
168 18152
+3 18152
+3 72608
0 95330
168 19066
+3 19066
+3 76264
0 10195
447 10195
fi=(96)
184 20390
fe=(89)
0 16121
fi=(96)
184 16121
+2 16121
fe=(89)
448 96726
132 209573
0 48363
fi=(64)
131 32242
fe=(89)
0 39125
fi=(64)
131 78250
fe=(89)
+21 172604
0 43151
fi=(65)
1755 215755
fi=(57)
725 86302
fe=(89)
152 43151
+7 86302
+1 86302
+3 43151
0 43151
163 43151
0 124920
168 20820
+3 20820
+3 62460
0 111655
168 22331
+3 22331
+3 66993
0 4026
450 8440
0 12095
450 24190
0 20390
450 22047
0 2288
452 4576
0 3508
459 1754
0 10914
459 10914
0 2822
459 2822
0 5926
447 5926
fi=(96)
184 11852
fe=(89)
0 11852
460 23704
cfn=(1081)
calls=5926 -54 
* 4212126
0 65186
458 56449
-27 10258
fi=(47)
1092 10258
0 5129
1092 10258
fi=(78)
1663 5129
fi=(46)
180 5129
0 66677
180 15387
0 5129
fe=(89)
433 5129
fi=(75)
2439 10258
fe=(89)
433 11408
fi=(75)
2439 22816
fi=(66)
2105 12719
fi=(69)
560 12719
fi=(96)
184 31124
0 15562
186 31124
0 31124
fi=(69)
564 15562
cfn=(1090)
calls=15562 687 
* 1026978
fi=(75)
2869 31124
0 1391
fi=(69)
565 5564
0 1391
fi=(75)
660 2782
fi=(69)
-94 214
+4 4119
0 1373
fe=(89)
422 1373
0 1373
425 4119
0 42513
434 82685
+31 73376

fn=(978)
468 42
fi=(90)
156 12
0 18
fi=(75)
2138 24
fi=(78)
1663 6
fi=(46)
25 6
-25 6
fi=(76) /nix/store/gdmwxvljfzg4170cywp01acax62izwpf-rust-default-1.99.0/lib/rustlib/src/rust/library/core/src/ptr/mut_ptr.rs
970 6
fi=(126)
733 30
fi=(46)
28 12
-28 108
28 12
-28 6
fi=(57)
1118 84
-27 30
+27 30
-27 18
+27 30
-27 18
+27 6
-27 18
+27 5712
-27 2040
+27 2040
-27 1224
+27 2040
-27 1224
+27 408
-27 7344
fi=(46)
279 1224
fi=(57)
1091 90
fi=(46)
279 342
0 36
279 30
0 6
fi=(57)
1118 12
fe=(89)
482 12
fi=(57)
1091 12
fe=(89)
482 6
fi=(57)
1118 60
fe=(89)
482 6
fi=(57)
1118 18
-27 78
fi=(46)
279 18
fe=(89)
485 12
fi=(57)
1651 18
0 6
1199 12
0 12
1199 12
+2 24
1651 18
1199 24
+2 24
1651 12
1199 12
0 12
1199 12
+2 18
0 24
fi=(46)
28 12
-28 36
28 42
-28 42
fi=(57)
1651 36
1199 18
+4 12
-2 6
+2 12
-2 6
0 36
1651 24
1199 18
+4 12
-2 6
+2 12
-2 6
0 36
fi=(46)
0 2448
fi=(57)
1651 2448
1199 1224
+4 816
-2 408
+2 816
-2 408
0 2448
1651 1632
1199 1224
+4 816
-2 408
+2 816
-2 408
0 2448
1651 1632
1199 1224
+4 816
-2 408
+2 816
-2 408
0 408
1651 24
1199 18
+4 12
-2 6
+2 12
-2 6
0 18
1118 12
-27 12
+27 42
-27 12
+27 48
-27 12
+27 30
-27 96
0 816
1118 816
-27 816
+27 2856
-27 816
+27 3264
-27 816
+27 2040
-27 6528
fi=(46)
279 1596
fi=(57)
1199 36
1091 126
fi=(46)
279 36
fe=(89)
506 12
fi=(57)
1651 12
1199 12
0 12
1199 12
+2 18
0 6
fe=(89)
507 12
fi=(57)
1651 12
1199 12
0 12
1199 12
+2 18
0 6
fe=(89)
0 12
fi=(57)
1651 12
1199 12
0 12
1199 12
+2 18
-83 12
0 6
1118 12
0 6
1118 12
0 12
fe=(89)
220 12
+9 12
0 6
232 24
0 6
232 6
0 12
514 6
+1 12
0 24
fi=(91) /nix/store/gdmwxvljfzg4170cywp01acax62izwpf-rust-default-1.99.0/lib/rustlib/src/rust/library/core/src/slice/sort/select.rs
34 18
-34 12
34 6
fi=(65)
-34 12
fi=(91)
83 12
+2 18
cfi=(94) /nix/store/gdmwxvljfzg4170cywp01acax62izwpf-rust-default-1.99.0/lib/rustlib/src/rust/library/core/src/slice/sort/shared/smallsort.rs
cfn=(1006) core::slice::sort::shared::smallsort::insertion_sort_shift_left::<bevy_raytraced_audio::bvh::PrimitiveBounds, <[bevy_raytraced_audio::bvh::PrimitiveBounds]>::select_nth_unstable_by<<bevy_raytraced_audio::bvh::BoundingVolumeHierarchy>::build_node::{closure#3}>::{closure#0}>
calls=6 574 
* 9966
-1 6
-84 54
fi=(92)
28 12
fi=(126)
871 24
fi=(92)
34 24
-6 48
fi=(126)
871 96
fi=(92)
34 96
+48 18
fi=(90)
3604 18
fe=(89)
518 36
205 18
fi=(92)
37 60
cfn=(992)
calls=12 +18 
* 8364
-37 36
37 12
fi=(91)
+88 12
fi=(126)
733 12
fi=(91)
103 30
0 36
fe=(89)
205 18
0 36
fi=(57)
1651 36
1199 36
0 36
1199 36
+2 54
fe=(89)
205 36
0 36
205 18
0 36
fi=(57)
1651 36
1199 36
0 36
1199 36
0 18
1201 54
0 18
1264 36
1547 72
+1 72
fi=(66)
669 90
410 18
669 18
410 18
669 18
fe=(89)
205 36
0 108
fi=(57)
1651 36
1199 36
0 36
1199 36
+2 54
fe=(89)
205 36
0 36
205 18
0 36
fi=(57)
1651 36
1199 36
0 36
1199 36
+2 54
0 18
1264 36
1547 72
+1 72
fi=(66)
669 72
410 18
669 18
410 18
669 18
fi=(92)
84 36
-84 18
fi=(126)
733 6
fi=(91)
103 12
fe=(89)
205 12
0 24
205 12
0 24
205 12
0 24
fi=(57)
1651 24
1199 24
0 24
1199 24
+2 36
fe=(89)
205 24
0 24
205 12
0 24
fi=(57)
1651 24
1199 24
0 24
1199 24
+2 36
0 12
1264 24
1547 48
+1 48
fi=(66)
669 36
410 12
669 12
410 12
669 12
fi=(92)
89 24
fi=(126)
733 12
fi=(91)
103 24
fi=(90)
3604 24
fe=(89)
518 48
205 24
0 48
205 24
0 48
fi=(57)
1651 48
1199 48
0 48
1199 48
+2 72
0 24
fe=(89)
205 48
0 48
205 24
0 48
fi=(57)
1651 48
1199 48
0 48
1199 48
+2 72
0 24
1264 48
1547 96
+1 96
fi=(66)
669 96
410 24
669 24
410 24
669 24
fi=(91)
106 48
0 90
125 90
cfi=(93) /nix/store/gdmwxvljfzg4170cywp01acax62izwpf-rust-default-1.99.0/lib/rustlib/src/rust/library/core/src/slice/sort/unstable/quicksort.rs
cfn=(998) core::slice::sort::unstable::quicksort::partition::<bevy_raytraced_audio::bvh::PrimitiveBounds, <[bevy_raytraced_audio::bvh::PrimitiveBounds]>::select_nth_unstable_by<<bevy_raytraced_audio::bvh::BoundingVolumeHierarchy>::build_node::{closure#3}>::{closure#0}>
calls=30 -32 
* 157914
fi=(90)
2202 90
0 30
fi=(91)
132 60
0 12
fi=(90)
2118 12
0 6
fi=(76)
970 6
fi=(91)
134 6
0 18
83 18
-83 96
136 24
-53 78
-83 24
90 24
-6 12
+1 12
-85 6
fi=(76)
970 12
fi=(90)
2118 6
fe=(89)
523 48
cfn=(979) <bevy_raytraced_audio::bvh::BoundingVolumeHierarchy>::build_node'2
calls=6 -55 
* 502881
* 6
+1 36
cfn=(979)
calls=6 -56 
* 534210
* 6
fi=(63) /nix/store/gdmwxvljfzg4170cywp01acax62izwpf-rust-default-1.99.0/lib/rustlib/src/rust/library/alloc/src/vec/mod.rs
3101 6
1032 12
fi=(42)
611 6
fi=(76)
970 6
fi=(65)
1963 66
fi=(63)
1038 12
fe=(89)
534 48

fn=(979)
468 3612
fi=(90)
156 1032
0 1548
fi=(75)
2138 2064
fi=(78)
1663 516
fi=(46)
25 516
-25 516
fi=(76)
970 516
fi=(126)
733 2580
fi=(46)
28 1032
-28 720
28 144
-28 6696
28 744
-28 372
fi=(57)
1118 5208
-27 1860
+27 1860
-27 1116
+27 1860
-27 1116
+27 372
-27 1116
+27 17640
-27 6300
+27 6300
-27 3780
+27 6300
-27 3780
+27 1260
-27 22680
fi=(46)
279 3780
fi=(57)
1091 5580
fi=(46)
279 21204
0 2232
279 2580
0 516
fi=(57)
1118 1032
fe=(89)
482 1032
fi=(57)
1091 1032
fe=(89)
482 516
fi=(57)
1118 5160
fe=(89)
482 516
fi=(57)
1118 1548
-27 6708
fi=(46)
279 1548
fi=(57)
1118 528
fe=(89)
482 528
fi=(57)
1091 528
fe=(89)
482 264
fi=(57)
1118 2640
fe=(89)
482 264
fi=(57)
1118 792
-27 3432
fi=(46)
279 792
fe=(89)
485 1032
0 1056
fi=(42)
616 264
fi=(63)
3101 264
fi=(47)
2689 264
0 264
fi=(42)
764 264
-94 264
-59 264
fi=(46)
25 1056
-25 144
25 144
-25 120
25 720
-25 120
274 120
fi=(65)
1963 120
fi=(46)
274 120
fi=(65)
1963 120
fi=(46)
274 120
fi=(65)
1963 120
fi=(46)
274 120
fi=(65)
1963 120
fi=(47)
1013 120
fi=(46)
279 1704
0 144
274 144
fi=(65)
1963 144
fi=(77)
19 144
fi=(46)
279 432
-5 216
fi=(65)
1963 216
fi=(77)
19 216
fi=(46)
279 648
fi=(77)
31 264
fi=(63)
3101 264
1032 528
fi=(42)
611 264
fi=(76)
970 264
fi=(65)
1963 1848
fi=(63)
1038 528
fe=(89)
534 264
fi=(57)
1651 756
0 252
1199 504
0 504
1199 504
+2 1008
1651 756
1199 1008
+2 1008
1651 504
1199 504
0 504
1199 504
+2 756
0 1008
fi=(46)
28 504
-28 1512
28 1764
-28 1764
fi=(57)
1651 1512
1199 756
+4 504
-2 252
+2 504
-2 252
0 1512
1651 1008
1199 756
+4 504
-2 252
+2 504
-2 252
0 1512
fi=(46)
0 7560
fi=(57)
1651 7560
1199 3780
+4 2520
-2 1260
+2 2520
-2 1260
0 7560
1651 5040
1199 3780
+4 2520
-2 1260
+2 2520
-2 1260
0 7560
1651 5040
1199 3780
+4 2520
-2 1260
+2 2520
-2 1260
0 1260
1651 1008
1199 756
+4 504
-2 252
+2 504
-2 252
0 756
1118 504
-27 504
+27 1764
-27 504
+27 2016
-27 504
+27 1260
-27 4032
0 2520
1118 2520
-27 2520
+27 8820
-27 2520
+27 10080
-27 2520
+27 6300
-27 20160
fi=(46)
279 19404
fi=(57)
1199 1512
1091 9324
fi=(46)
279 2664
fe=(89)
506 888
fi=(57)
1651 888
1199 888
0 888
1199 888
+2 1332
0 444
fe=(89)
507 888
fi=(57)
1651 888
1199 888
0 888
1199 888
+2 1332
0 444
fe=(89)
0 888
fi=(57)
1651 888
1199 888
0 888
1199 888
+2 1332
-83 888
0 444
1118 888
0 444
1118 888
0 888
fe=(89)
220 504
+9 504
0 252
232 924
0 156
232 156
0 96
233 96
0 288
514 96
+1 192
0 384
fi=(91)
34 288
-34 192
34 96
fe=(89)
-34 312
514 156
+1 312
0 624
fi=(91)
34 468
-34 312
34 156
fi=(65)
-34 504
fi=(91)
83 504
+2 720
cfi=(94)
cfn=(1006)
calls=240 574 
* 220734
-1 240
-84 756
fi=(92)
28 168
fi=(126)
871 336
fi=(92)
34 336
-6 84
fi=(126)
871 168
fi=(92)
34 168
+48 114
fi=(90)
3604 114
fe=(89)
518 228
205 246
+2 126
fi=(92)
37 60
cfn=(992)
calls=12 +18 
* 9792
-37 36
37 12
fi=(91)
+88 12
fi=(126)
733 12
fi=(91)
103 36
0 96
fe=(89)
205 48
+3 48
0 48
fi=(57)
1651 48
1199 48
fe=(89)
0 180
fi=(57)
1651 180
1199 180
0 228
1199 228
+2 342
fe=(89)
205 228
0 96
205 180
+3 48
0 24
207 84
0 84
fi=(57)
1651 84
1199 84
fe=(89)
0 144
fi=(57)
1651 144
1199 144
0 228
1199 228
0 114
1201 342
0 114
1264 228
1547 456
+1 456
fi=(66)
669 570
410 114
669 114
410 114
669 114
fe=(89)
205 360
+3 48
0 306
207 84
0 84
fi=(57)
1651 84
1199 84
fe=(89)
0 144
fi=(57)
1651 144
1199 144
0 228
1199 228
+2 342
fe=(89)
205 228
0 96
205 180
+3 48
0 24
207 84
0 84
fi=(57)
1651 84
1199 84
fe=(89)
0 144
fi=(57)
1651 144
1199 144
0 228
1199 228
+2 342
0 114
1264 228
1547 456
+1 456
fi=(66)
669 456
410 114
669 114
410 114
669 114
fi=(92)
84 228
-84 36
fi=(126)
733 12
fi=(91)
103 30
fe=(89)
205 102
0 204
205 210
+3 18
0 132
205 48
+2 36
0 108
fi=(57)
1651 72
1199 72
fe=(89)
0 132
fi=(57)
1651 132
1199 132
0 204
1199 204
+2 306
fe=(89)
205 204
0 96
205 156
+3 36
0 18
207 72
0 72
fi=(57)
1651 72
1199 72
fe=(89)
0 132
fi=(57)
1651 132
1199 132
0 204
1199 204
+2 306
0 102
1264 204
1547 408
+1 408
fi=(66)
669 306
410 102
669 102
410 102
669 102
fi=(92)
89 204
fi=(126)
733 102
fi=(91)
103 204
fi=(90)
3604 30
fe=(89)
518 60
205 90
+3 12
0 6
207 48
0 48
fi=(57)
1651 48
1199 48
fe=(89)
0 12
fi=(57)
1651 12
1199 12
0 60
1199 60
+2 90
0 30
fe=(89)
205 120
+3 12
0 6
207 48
0 48
fi=(57)
1651 48
1199 48
fe=(89)
0 12
fi=(57)
1651 12
1199 12
0 60
1199 60
+2 90
0 30
1264 60
1547 120
+1 120
fi=(66)
669 120
410 30
669 30
410 30
669 30
fi=(91)
106 60
0 378
125 378
cfi=(93)
cfn=(998)
calls=126 -32 
* 303156
fi=(90)
2202 378
0 126
fi=(91)
132 252
0 132
fi=(90)
2118 132
0 66
fi=(76)
970 66
fi=(91)
134 66
0 198
83 246
-83 240
136 60
-53 168
-83 42
90 42
fi=(63)
1033 60
0 150
1033 30
cfi=(42)
cfn=(1024) <alloc::raw_vec::RawVec<bevy_raytraced_audio::bvh::Node>>::grow_one
calls=30 186 
* 14529
* 180
0 30
fi=(91)
84 144
+1 144
-85 252
fi=(76)
970 504
fi=(90)
2118 252
fe=(89)
523 2016
cfn=(979)
calls=252 -55 
* 900432
* 252
+1 1512
cfn=(979)
calls=252 -56 
* 1049262
* 252
fi=(63)
3101 252
1032 504
fi=(42)
611 252
fi=(76)
970 252
fi=(65)
1963 2772
fi=(63)
1038 504
fe=(89)
534 4128
fi=(63)
1033 18
cfi=(42)
cfn=(1024)
calls=6 186 
* 1278
* 12
fi=(42)
672 462
cfn=(910) <alloc::raw_vec::RawVecInner<_>>::reserve::do_reserve_and_handle::<alloc::alloc::Global>
calls=42 -14 
* 21126
* 210
fi=(77)
14 42
-14 42
fe=(89)

fn=(1046) <bevy_raytraced_audio::bvh::BoundingVolumeHierarchy>::visit_ray_node::<<bevy_raytraced_audio::bvh::BoundingVolumeHierarchy>::visit_segment_candidates<<bevy_raytraced_audio::scene3d::AcousticScene3d>::direct_transmission::{closure#0}>::{closure#0}>
406 15360
+9 9984
0 768
415 21504
fi=(96)
186 21504
fe=(89)
429 10752
+14 4608
fi=(96)
184 9216
+2 4608
fe=(89)
444 27648
132 59904
0 13824
fi=(64)
131 13824
fe=(89)
0 7920
fi=(64)
131 23760
fe=(89)
+21 43968
0 10992
fi=(65)
1755 54960
fi=(57)
725 21984
fe=(89)
152 10992
+7 21984
+1 21984
+3 10992
0 10992
163 10992
0 32976
168 5496
+3 5496
+3 21984
0 27480
168 5496
+3 5496
+3 21984
0 3072
447 3072
fi=(96)
184 6144
fe=(89)
0 4608
fi=(96)
184 4608
+2 4608
fe=(89)
448 27648
132 59904
0 13824
fi=(64)
131 9216
fe=(89)
0 13824
fi=(64)
131 27648
fe=(89)
+21 55296
0 13824
fi=(65)
1755 69120
fi=(57)
725 27648
fe=(89)
152 13824
+7 27648
+1 27648
+3 13824
0 13824
163 13824
0 41472
168 6912
+3 6912
+3 20736
0 34560
168 6912
+3 6912
+3 20736
0 4608
450 9216
0 6144
450 6144
0 1536
452 3072
0 3072
459 3072
0 1536
447 1536
fi=(96)
184 3072
fe=(89)
0 3072
460 6144
cfn=(1047) <bevy_raytraced_audio::bvh::BoundingVolumeHierarchy>::visit_ray_node::<<bevy_raytraced_audio::bvh::BoundingVolumeHierarchy>::visit_segment_candidates<<bevy_raytraced_audio::scene3d::AcousticScene3d>::direct_transmission::{closure#0}>::{closure#0}>'2
calls=1536 -54 
* 2407536
0 16896
458 18432
-27 1536
fi=(47)
1092 1536
0 768
1092 1536
0 768
fi=(42)
611 768
0 4608
fi=(78)
1663 768
fi=(46)
180 768
fi=(75)
2439 1536
0 768
fe=(89)
370 4608
cfi=(51)
cfn=(1056) <bevy_raytraced_audio::scene3d::AcousticScene3d>::direct_transmission::{closure#0}
calls=2304 163 
* 128256
* 4608
fi=(78)
1663 4608
fi=(46)
180 2304
fe=(89)
433 2304
fi=(75)
2439 4608
fe=(89)
465 6144

fn=(1047)
406 83520
+9 54288
0 4176
415 33696
fi=(96)
186 33696
fe=(89)
429 16848
+14 6552
fi=(96)
184 13104
+2 6552
fe=(89)
444 39312
132 85176
0 19656
fi=(64)
131 19656
fe=(89)
0 11952
fi=(64)
131 35856
fe=(89)
+21 63456
0 15864
fi=(65)
1755 79320
fi=(57)
725 31728
fe=(89)
152 15864
+7 31728
+1 31728
+3 15864
0 15864
163 15864
0 48816
168 8136
+3 8136
+3 32544
0 38640
168 7728
+3 7728
+3 30912
0 3912
447 3912
fi=(96)
184 7824
fe=(89)
0 6552
fi=(96)
184 6552
+2 6552
fe=(89)
448 39312
132 85176
0 19656
fi=(64)
131 13104
fe=(89)
0 14952
fi=(64)
131 29904
fe=(89)
+21 69024
0 17256
fi=(65)
1755 86280
fi=(57)
725 34512
fe=(89)
152 17256
+7 34512
+1 34512
+3 17256
0 17256
163 17256
0 52992
168 8832
+3 8832
+3 26496
0 42120
168 8424
+3 8424
+3 25272
0 2304
450 4800
0 4248
450 8496
0 7824
450 9192
0 528
452 1056
0 1344
459 672
0 6336
459 6336
0 384
459 384
0 2640
447 2640
fi=(96)
184 5280
fe=(89)
0 5280
460 10560
cfn=(1047)
calls=2640 -54 
* 1739160
0 29040
458 21600
-27 3744
fi=(47)
1092 3744
0 1872
1092 3744
0 1872
fi=(42)
611 1872
0 11232
fi=(78)
1663 1872
fi=(46)
180 1872
fi=(75)
2439 3744
0 1872
fe=(89)
370 12096
cfi=(51)
cfn=(1056)
calls=6048 163 
* 417384
* 12096
fi=(78)
1663 12096
fi=(46)
180 6048
fe=(89)
433 6048
fi=(75)
2439 12096
fe=(89)
465 33408

fn=(1110) <bevy_raytraced_audio::bvh::BoundingVolumeHierarchy>::visit_ray_node::<<bevy_raytraced_audio::scene3d::AcousticScene3d>::segment_is_blocked::{closure#0}>
406 1129200
+9 733980
0 56460
415 1429644
fi=(96)
186 1429644
fe=(89)
429 714822
+14 309188
fi=(96)
184 618376
+2 309188
fe=(89)
444 1855128
132 4019444
0 927564
fi=(64)
131 927564
fe=(89)
0 523056
fi=(64)
131 1569168
fe=(89)
+21 2859784
0 714946
fi=(65)
1755 3574730
fi=(57)
725 1429892
fe=(89)
152 714946
+7 1429892
+1 1429892
+3 714946
0 714946
163 714946
0 1894422
168 315737
+3 315737
+3 1262948
0 1996045
168 399209
+3 399209
+3 1596836
0 191890
447 191890
fi=(96)
184 383780
fe=(89)
0 309188
fi=(96)
184 309188
+2 309188
fe=(89)
448 1855128
132 4019444
0 927564
fi=(64)
131 618376
fe=(89)
0 922273
fi=(64)
131 1844546
fe=(89)
+21 3697952
0 924488
fi=(65)
1755 4622440
fi=(57)
725 1848976
fe=(89)
152 924488
+7 1848976
+1 1848976
+3 924488
0 924488
163 924488
0 2321220
168 386870
+3 386870
+3 1160610
0 2688090
168 537618
+3 537618
+3 1612854
0 2215
450 4644
0 306973
450 613946
0 383780
450 426486
0 115297
452 230594
0 17520
459 8760
0 6003
459 6003
0 221834
459 221834
0 117298
447 117298
fi=(96)
184 234596
fe=(89)
0 234596
460 469192
cfn=(1111) <bevy_raytraced_audio::bvh::BoundingVolumeHierarchy>::visit_ray_node::<<bevy_raytraced_audio::scene3d::AcousticScene3d>::segment_is_blocked::{closure#0}>'2
calls=117298 -54 
* 223566889
0 1290278
458 1238344
-27 96446
fi=(47)
1092 96446
0 48223
1092 96446
fi=(78)
1663 48223
fi=(46)
180 48223
0 241115
fe=(89)
465 451680
0 482230
fi=(69)
616 96446
0 284433
fi=(78)
1663 279528
fi=(46)
180 139764
fi=(78)
1663 9594
fi=(46)
180 4797
fi=(69)
616 434178
fe=(89)
433 144726
fi=(75)
2439 289452
fi=(66)
2105 144726
fi=(69)
616 144726
fi=(96)
184 270630
+2 270630
0 135315
fi=(69)
620 270630
cfn=(1090)
calls=135315 +67 
* 8718774
fi=(75)
2869 270630
0 4962
fi=(69)
622 34734
fe=(89)
422 14886
0 330
425 330

fn=(1111)
406 7281900
+9 4733235
0 364095
415 3081912
fi=(96)
186 3081912
fe=(89)
429 1540956
+14 577453
fi=(96)
184 1154906
+2 577453
fe=(89)
444 3464718
132 7506889
0 1732359
fi=(64)
131 1732359
fe=(89)
0 1112050
fi=(64)
131 3336150
fe=(89)
+21 5770824
0 1442706
fi=(65)
1755 7213530
fi=(57)
725 2885412
fe=(89)
152 1442706
+7 2885412
+1 2885412
+3 1442706
0 1442706
163 1442706
0 3931668
168 655278
+3 655278
+3 2621112
0 3937140
168 787428
+3 787428
+3 3149712
0 330656
447 330656
fi=(96)
184 661312
fe=(89)
0 577453
fi=(96)
184 577453
+2 577453
fe=(89)
448 3464718
132 7506889
0 1732359
fi=(64)
131 1154906
fe=(89)
0 1372101
fi=(64)
131 2744202
fe=(89)
+21 6148348
0 1537087
fi=(65)
1755 7685435
fi=(57)
725 3074174
fe=(89)
152 1537087
+7 3074174
+1 3074174
+3 1537087
0 1537087
163 1537087
0 4242372
168 707062
+3 707062
+3 2121186
0 4150125
168 830025
+3 830025
+3 2490075
0 164986
450 351080
0 412467
450 824934
0 661312
450 824250
0 102919
452 205838
0 164976
459 82488
0 431634
459 431634
0 123350
459 123350
0 246797
447 246797
fi=(96)
184 493594
fe=(89)
0 493594
460 987188
cfn=(1111)
calls=246797 -54 
* 168349723
0 2714767
458 1985924
-27 386050
fi=(47)
1092 386050
0 193025
1092 386050
fi=(78)
1663 193025
fi=(46)
180 193025
0 965125
fe=(89)
465 2912760
0 1930250
fi=(69)
616 386050
0 1162632
fi=(78)
1663 1167114
fi=(46)
180 583557
fi=(78)
1663 27822
fi=(46)
180 13911
fi=(69)
616 1811712
fe=(89)
433 603904
fi=(75)
2439 1207808
fi=(66)
2105 603904
fi=(69)
616 603904
fi=(96)
184 1115868
+2 1115868
0 557934
fi=(69)
620 1115868
cfn=(1090)
calls=557934 +67 
* 35997024
fi=(75)
2869 1115868
0 20347
fi=(69)
622 142429
fe=(89)
422 61041
0 12872
425 12872

fl=(38) /rustc/b940084d7eb6a299eb4bfeb8e34901bc051e7ac4/library/core/src/str/converts.rs
fn=(770) core::str::converts::from_utf8
89 15
fi=(39) /rustc/b940084d7eb6a299eb4bfeb8e34901bc051e7ac4/library/core/src/str/validations.rs
+44 9
+12 6
0 21
145 2
+19 3
+1 6
fi=(11)
2689 6
3875 3
fi=(39)
222 3
+16 2
-14 10
+9 2
+1 6
+7 6
0 2
241 26
+1 13
-1 28
fe=(38)
94 12
-94 3
98 12

fl=(94)
fn=(1006)
574 984
fi=(76)
970 738
fi=(90)
3604 1722
0 408
fi=(65)
573 2856
fi=(90)
3604 408
fi=(76)
970 408
fe=(94)
593 1632
fi=(65)
-20 882
fi=(90)
3604 126
fi=(76)
970 126
fe=(94)
593 504
fi=(76)
970 1278
fe=(94)
593 5112
0 1812
fi=(89)
518 3624
205 3144
+2 918
0 2292
205 1146
+3 720
0 720
fi=(57)
1651 720
1199 720
fi=(89)
0 2904
fi=(57)
1651 2904
1199 2904
0 3624
1199 3624
+2 5436
fi=(89)
205 3624
0 2292
205 2478
+3 720
0 360
207 612
0 612
fi=(57)
1651 612
1199 612
fi=(89)
0 3012
fi=(57)
1651 3012
1199 3012
0 3624
1199 3624
+2 5436
0 1812
1264 3624
1547 7248
+1 7248
fi=(66)
669 7248
410 1812
669 1812
410 1812
669 1812
fe=(94)
541 3624
0 3204
fi=(65)
573 5340
fe=(94)
-13 1068
0 492
fi=(90)
3604 492
fi=(89)
518 492
0 984
518 492
205 492
fi=(90)
3604 930
fi=(89)
518 930
0 1860
518 930
205 930
0 1260
205 1260
0 396
fi=(57)
1651 396
0 198
1199 198
1651 2448
0 1224
1199 1224
0 2844
1199 2844
+2 4266
fi=(89)
205 2844
0 1584
205 2052
+3 396
0 198
207 864
0 864
fi=(57)
1651 864
1199 864
fi=(89)
0 1980
fi=(57)
1651 1980
1199 1980
0 2844
1199 2844
+2 4266
0 1422
1264 2844
1547 5688
+1 5688
fi=(66)
669 4266
410 1422
669 1422
410 1422
669 1422
fe=(94)
566 2844
fi=(65)
+7 8112
0 1014
fe=(94)
560 2028
0 84
560 84
+42 1230

fl=(107) /rustc/b940084d7eb6a299eb4bfeb8e34901bc051e7ac4/library/std/src/sync/once.rs
fn=(1196) <std::sync::once::Once>::call_once_force::<<std::sync::once_lock::OnceLock<std::sync::reentrant_lock::ReentrantLock<core::cell::RefCell<alloc::io::buffered::linewriter::LineWriter<std::io::stdio::StdoutRaw>>>>>::initialize<<std::sync::once_lock::OnceLock<std::sync::reentrant_lock::ReentrantLock<core::cell::RefCell<alloc::io::buffered::linewriter::LineWriter<std::io::stdio::StdoutRaw>>>>>::get_or_init<std::io::stdio::stdout::{closure#0}>::{closure#0}, !>::{closure#0}>::{closure#0}
226 5
fi=(12) /rustc/b940084d7eb6a299eb4bfeb8e34901bc051e7ac4/library/core/src/mem/mod.rs
975 1
+1 1
fi=(105) /rustc/b940084d7eb6a299eb4bfeb8e34901bc051e7ac4/library/core/src/option.rs
+36 2
fi=(24)
31 2
cob=(2)
cfi=(2)
cfn=(552)
calls=1 -31 
* 41
fi=(32) /rustc/b940084d7eb6a299eb4bfeb8e34901bc051e7ac4/library/alloc/src/raw_vec/mod.rs
470 2
fi=(108) /rustc/b940084d7eb6a299eb4bfeb8e34901bc051e7ac4/library/core/src/mem/maybe_uninit.rs
575 7
fe=(107)
226 4

fn=(1316) <std::sync::once::Once>::call_once::<std::rt::cleanup::{closure#0}>::{closure#0}
166 5
fi=(12)
975 1
+1 1
fi=(105)
+36 2
fi=(104) /rustc/b940084d7eb6a299eb4bfeb8e34901bc051e7ac4/library/std/src/io/stdio.rs
730 1
fi=(10) /rustc/b940084d7eb6a299eb4bfeb8e34901bc051e7ac4/library/core/src/sync/atomic.rs
3995 1
fi=(72) /rustc/b940084d7eb6a299eb4bfeb8e34901bc051e7ac4/library/std/src/sys/sync/once/futex.rs
87 1
fi=(106) /rustc/b940084d7eb6a299eb4bfeb8e34901bc051e7ac4/library/std/src/sync/once_lock.rs
+98 1
fi=(104)
736 2
fi=(23) /rustc/b940084d7eb6a299eb4bfeb8e34901bc051e7ac4/library/std/src/thread/current.rs
34 1
fi=(74) /rustc/b940084d7eb6a299eb4bfeb8e34901bc051e7ac4/library/core/src/cell.rs
558 1
fi=(105)
1063 2
fi=(10)
3994 1
fi=(129) /rustc/b940084d7eb6a299eb4bfeb8e34901bc051e7ac4/library/std/src/sync/reentrant_lock.rs
101 1
337 1
fi=(10)
4083 3
fi=(129)
340 1
fi=(10)
3978 1
fi=(129)
0 1
fi=(130) /rustc/b940084d7eb6a299eb4bfeb8e34901bc051e7ac4/library/alloc/src/io/buffered/linewriter.rs
112 4
fi=(74)
2069 2
fi=(12)
976 1
fi=(121) /rustc/b940084d7eb6a299eb4bfeb8e34901bc051e7ac4/library/alloc/src/io/buffered/bufwriter.rs
712 2
+2 2
cfn=(1274) <alloc::io::buffered::bufwriter::BufWriter<std::io::stdio::StdoutRaw>>::flush_buf
calls=1 208 
* 23
fi=(18)
847 2
fi=(32)
631 2
fi=(18)
847 1
fi=(24)
65 1
cob=(2)
cfi=(2)
cfn=(654)
calls=1 -65 
* 43
fi=(104)
742 4
fi=(12)
976 1
fi=(129)
425 1
+1 1
fe=(107)
166 4
fi=(10)
3978 1
+35 2
fi=(131) /rustc/b940084d7eb6a299eb4bfeb8e34901bc051e7ac4/library/std/src/sys/sync/mutex/futex.rs
90 2
fe=(107)

fl=(29) /nix/store/gdmwxvljfzg4170cywp01acax62izwpf-rust-default-1.99.0/lib/rustlib/src/rust/library/std/src/sys/backtrace.rs
fn=(742) std::sys::backtrace::__rust_begin_short_backtrace::<fn(), ()>
162 1
fi=(132) /nix/store/gdmwxvljfzg4170cywp01acax62izwpf-rust-default-1.99.0/lib/rustlib/src/rust/library/core/src/ops/function.rs
+88 1
cfi=(30) /home/leona/Code/github.com/sagan-software/bevy-raytraced-audio/tests/performance/src/main.rs
cfn=(744) acoustic_performance::main
calls=1 4 
* 358687230
fe=(29)
-78 2

fl=(69)
fn=(1090)
687 4272162
+45 3560135
+1 3560135
+1 3560135
-46 2136081
+32 5696216
0 712027
fi=(57)
1651 712027
fe=(69)
690 3560135
0 712027
fi=(57)
1006 712027
fe=(69)
694 2136081
fi=(98)
29 712027
+1 712027
+1 712027
fe=(69)
720 3560135
-25 1424054
fi=(66)
2146 712027
fi=(97) /nix/store/gdmwxvljfzg4170cywp01acax62izwpf-rust-default-1.99.0/lib/rustlib/src/rust/library/core/src/ops/range.rs
885 712027
0 363686
885 727372
fe=(69)
732 904845
+1 542907
+1 542907
-14 904845
-20 180969
0 361938
701 361938
0 73505
701 147010
+19 142595
-14 28519
+1 85557
+1 712027

fn=(1098) <bevy_raytraced_audio::scene3d::AcousticScene3d>::segment_is_blocked
593 451680
+6 225840
fi=(98)
29 56460
+2 56460
+28 451680
fi=(57)
1264 56460
0 56460
828 282300
0 56460
828 56460
2122 169380
fi=(80)
0 56460
fe=(69)
602 169380
+1 112920
0 56460
fi=(57)
1006 112920
0 56460
fi=(98)
49 56460
-2 56460
-47 56460
47 56460
-1 112920
fi=(51)
262 56460
fi=(71) /nix/store/gdmwxvljfzg4170cywp01acax62izwpf-rust-default-1.99.0/lib/rustlib/src/rust/library/core/src/sync/atomic.rs
3995 56460
fi=(103) /nix/store/gdmwxvljfzg4170cywp01acax62izwpf-rust-default-1.99.0/lib/rustlib/src/rust/library/std/src/sys/sync/once/futex.rs
87 56460
fi=(53)
+98 56460
fe=(69)
608 56460
fi=(57)
1006 169380
fi=(89)
585 282300
fe=(69)
+30 508140
-6 56460
0 56460
fi=(89)
389 169380
fi=(96)
184 112920
fi=(42)
611 56460
fi=(96)
186 56460
fi=(89)
395 338760
132 1016280
fi=(64)
-1 451680
fi=(89)
+21 677520
0 169380
fi=(65)
1755 508140
fi=(57)
725 169380
fi=(65)
1755 338760
fi=(57)
725 169380
fi=(89)
152 169380
+7 338760
+1 338760
+3 169380
0 169380
163 169380
0 75648
168 75648
0 378240
171 75648
+3 302592
-6 93732
0 468660
171 93732
+3 374928
fe=(69)
627 282300
0 169380
fi=(89)
398 56460
cfn=(1110)
calls=56460 +8 
* 322443087
fe=(69)
626 56460
0 56460

fn=(882) <bevy_raytraced_audio::scene3d::AcousticScene3d>::trace_listener
216 72
fi=(71)
3995 6
fi=(103)
87 6
fi=(53)
+98 6
fi=(60) /nix/store/gdmwxvljfzg4170cywp01acax62izwpf-rust-default-1.99.0/lib/rustlib/src/rust/library/alloc/src/sync.rs
2173 5
fi=(65)
2532 5
fe=(69)
228 5
fi=(71)
4049 5
fi=(60)
2868 5
0 5
2911 10
cfn=(1172) <alloc::sync::Arc<()>>::drop_slow
calls=5 2144 
* 245
* 5
fe=(69)
241 5
fi=(63)
3082 15
3574 15
fe=(69)
241 1
fi=(63)
3082 3
3574 3
fi=(42)
764 6
-94 6
0 5
fi=(76)
970 15
fi=(66)
2144 5
fi=(67) /nix/store/gdmwxvljfzg4170cywp01acax62izwpf-rust-default-1.99.0/lib/rustlib/src/rust/library/core/src/iter/range.rs
1100 5
fi=(76)
970 3
fi=(66)
2144 1
fi=(67)
1100 49
fi=(65)
1963 144
fi=(76)
970 6
fi=(67)
1100 12
fi=(65)
1963 2016
fi=(76)
970 84
fi=(67)
1100 180
0 12
fi=(65)
1963 18
fi=(76)
970 6
fi=(67)
1100 12
fi=(65)
1963 108
fi=(76)
970 36
fi=(67)
1100 84
fi=(77)
19 6
fi=(65)
1963 24
fi=(63)
0 6
3082 6
fi=(42)
764 6
-94 6
0 5
611 5
fi=(76)
970 10
fi=(66)
2144 5
fi=(67)
1100 11
fi=(65)
1963 12
cob=(2)
cfi=(2)
cfn=(684) __memset_avx2_unaligned_erms
calls=6 0 
* 300
fi=(67)
1100 30
0 6
fi=(65)
1963 6
fi=(77)
19 6
-19 12
fe=(69)
159 30
+1 6
+1 6
+82 36
0 12
244 6
fi=(56)
72 6
-72 6
72 6
-72 6
fi=(37)
975 12
+1 18
fi=(63)
3082 6
fi=(42)
764 12
-94 6
fi=(63)
3574 5
fi=(46)
25 5
-25 10
279 10
fi=(70) /nix/store/gdmwxvljfzg4170cywp01acax62izwpf-rust-default-1.99.0/lib/rustlib/src/rust/library/core/src/iter/adapters/zip.rs
0 6
fi=(53)
439 12
cfi=(71)
cfn=(886) <std::sync::once_lock::OnceLock<alloc::sync::Arc<()>>>::initialize::<<std::sync::once_lock::OnceLock<alloc::sync::Arc<()>>>::get_or_init<<bevy_raytraced_audio::scene3d::AcousticScene3d>::revision::{closure#0}>::{closure#0}, !>
calls=6 3995 
* 1648
* 6
fi=(75)
743 19
0 1
fi=(42)
672 5
cfn=(910)
calls=1 -14 
* 247
-61 1
fi=(77)
14 1
fi=(46)
279 44
0 6
fe=(69)
250 6
fi=(56)
72 12
fi=(65)
1963 12
fe=(69)
250 6
fi=(56)
72 12
fi=(65)
1963 12
fi=(46)
279 24
fe=(69)
-29 378
fi=(56)
72 756
fi=(65)
1963 756
fe=(69)
250 378
fi=(56)
72 756
fi=(65)
1963 756
fi=(46)
279 1530
fi=(77)
31 6
fi=(78)
1663 6
fi=(46)
180 6
0 30
fi=(78)
1663 1536
fi=(133) /nix/store/gdmwxvljfzg4170cywp01acax62izwpf-rust-default-1.99.0/lib/rustlib/src/rust/library/core/src/iter/adapters/enumerate.rs
82 768
fi=(78)
1663 768
fi=(46)
180 768
fi=(75)
2138 1536
0 768
fe=(69)
255 9216
cfi=(51)
cfn=(928) <bevy_raytraced_audio::scene3d::AcousticScene3d>::direct_transmission
calls=768 141 
* 5632662
* 768
fi=(96)
-60 1536
fe=(69)
0 1536
fi=(42)
611 768
fe=(69)
257 2304
fi=(99) /home/leona/Code/github.com/sagan-software/bevy-raytraced-audio/src/ray_trace.rs
627 768
fi=(56)
72 768
fi=(99)
628 768
fi=(57)
2001 768
fi=(56)
72 1536
fi=(99)
628 768
fi=(57)
2001 768
fi=(99)
630 768
fe=(69)
260 1536
fi=(63)
0 6
fi=(47)
1420 6
fi=(61)
478 6
0 6
fi=(47)
1425 18
fi=(75)
1227 24
0 6
fi=(99)
662 18
-81 36
fi=(66)
2144 6
fi=(67)
1100 6
0 804
fi=(66)
2144 768
0 1536
fi=(47)
1013 1536
0 384
1420 384
fe=(69)
284 1920
0 1152
fi=(42)
611 384
fi=(56)
72 1536
fi=(63)
1865 768
fe=(69)
668 768
0 768
fi=(57)
2001 384
cfi=(81)
cfn=(952)
calls=384 467 
* 3072
* 384
fe=(69)
669 768
fi=(57)
2001 768
cfi=(81)
cfn=(952)
calls=384 467 
* 3072
0 1152
1091 384
2122 384
0 768
2001 1152
cfi=(81)
cfn=(952)
calls=384 467 
* 3072
fi=(80)
702 1152
cob=(3)
cfi=(3)
cfn=(1072) __sincos_fma
calls=384 0 
* 55344
0 1152
fe=(69)
673 384
-1 12288
0 1152
347 2304
+1 1920
0 1536
fi=(71)
3995 384
fi=(103)
87 384
fi=(53)
+98 384
fe=(69)
0 2304
347 6912
+1 5760
0 4608
fi=(71)
3995 1152
fi=(103)
87 1152
fi=(53)
+98 1152
fe=(69)
552 1536
+3 1536
+1 1536
fi=(57)
1006 4608
fe=(69)
555 1536
fi=(89)
+30 3072
fe=(69)
-29 1536
fi=(57)
1006 3072
fi=(89)
585 3072
fe=(69)
-26 18432
-6 1536
0 1536
fi=(89)
389 4608
fi=(96)
184 3072
0 3072
fi=(42)
611 1536
fi=(96)
186 1536
fi=(89)
395 9216
132 23040
fi=(64)
-1 12288
fi=(89)
+21 23040
0 4608
fi=(65)
1755 13824
fi=(57)
725 4608
fi=(65)
1755 9216
fi=(57)
725 9216
fi=(89)
152 4608
+7 9216
+1 9216
+3 4608
0 4608
163 4608
0 2250
168 2250
0 11250
171 2250
+3 9000
-6 2358
0 11790
171 2358
+3 9432
0 3072
398 6144
cfn=(1080)
calls=1536 +8 
* 8583834
fi=(75)
2869 3072
fe=(69)
0 1536
fi=(96)
184 3072
0 1536
fi=(42)
611 1536
0 1536
fi=(96)
186 1536
fi=(57)
1006 3072
0 1536
fi=(98)
47 3072
+1 1536
+1 1536
-49 1536
59 13824
fe=(69)
578 4608
0 2310
578 2286
0 2286
fi=(98)
47 762
-47 762
48 762
-48 1524
49 762
-11 762
-38 762
39 762
+1 762
fe=(69)
174 1524
0 762
174 762
0 2322
fi=(98)
47 774
-47 774
48 774
-48 1548
49 774
-11 774
-38 774
39 774
+1 774
fe=(69)
174 1548
0 774
174 774
fi=(63)
0 4608
fi=(96)
184 3072
0 19968
fi=(42)
611 1536
fi=(96)
186 4608
fe=(69)
373 4608
0 1536
373 1536
0 1536
377 3072
-4 1536
fi=(56)
72 1536
fi=(128)
+31 4608
fi=(56)
-31 3072
fi=(128)
+31 3072
0 1536
fi=(57)
2001 1536
cfi=(81)
cfn=(952)
calls=1536 467 
* 12288
0 1536
fi=(56)
72 3072
fi=(128)
+29 4608
fi=(56)
-29 1536
fi=(128)
+29 4608
fi=(57)
2001 3072
cfi=(81)
cfn=(952)
calls=1536 467 
* 12288
* 1536
0 1536
2001 7680
cfi=(81)
cfn=(952)
calls=1536 467 
* 12288
* 9216
fe=(69)
378 7680
-3 1536
+5 4608
0 3072
fi=(98)
29 4608
-29 1536
30 1536
-30 1536
31 3072
+28 12288
fe=(69)
384 3072
0 4608
385 1536
0 4464
386 14880
cfn=(1098)
calls=1488 593 
* 8797569
* 8928
fi=(98)
59 11744
fi=(57)
1264 1468
0 1468
828 7340
2122 4404
0 96
fi=(46)
180 48
fi=(57)
0 1488
fi=(46)
180 1488
0 16896
fi=(78)
1663 393216
fi=(133)
82 196608
fi=(78)
1663 196608
fi=(46)
180 196608
fi=(63)
1865 196608
0 196608
fi=(96)
184 393216
fi=(42)
611 196608
0 196608
fe=(69)
518 393216
0 393216
fi=(98)
29 393216
-29 196608
30 393216
-30 196608
31 196608
+28 983040
fe=(69)
519 393216
+1 577728
0 54972
522 769608
cfn=(1098)
calls=54972 +71 
* 325972986
* 109944
fi=(96)
184 48391
+11 48391
fi=(42)
611 48391
0 48391
fe=(69)
527 48391
fi=(96)
195 96782
fi=(42)
611 48391
0 48391
fe=(69)
530 96782
174 96782
418 6144
0 48
fi=(46)
180 48
0 960
fi=(78)
1663 12288
fi=(133)
82 6144
fi=(78)
1663 6144
fi=(46)
180 6144
fi=(75)
2138 18432
0 6144
fi=(63)
1865 6144
fi=(96)
184 12288
fi=(42)
611 6144
fe=(69)
425 12288
fi=(63)
0 4608
fi=(57)
1091 24576
fe=(69)
443 4608
fi=(75)
0 44544
fe=(69)
765 4608
0 1536
fi=(99)
673 4608
+1 4608
+1 4608
-2 4608
+5 1536
fi=(56)
72 4608
fi=(99)
678 1536
fe=(69)
+91 3072
fi=(99)
-95 4608
+1 4608
0 1536
678 3072
fi=(56)
72 3072
fi=(99)
678 1536
0 3072
fe=(69)
772 4608
fi=(57)
1091 3072
0 1536
1709 4608
fe=(69)
748 3072
0 3072
fi=(57)
1006 4608
fe=(69)
749 6144
+2 7680
0 10752
fi=(57)
2001 1536
cfi=(81)
cfn=(952)
calls=1536 467 
* 12288
0 3072
fe=(69)
752 3072
0 3072
757 1536
0 1536
fi=(57)
2001 1536
cfi=(81)
cfn=(952)
calls=1536 467 
* 12288
0 3072
fi=(80)
726 4608
cob=(3)
cfi=(3)
cfn=(1072)
calls=1536 0 
* 207804
* 4608
fi=(57)
2122 3072
fi=(98)
47 3072
-47 1536
49 6144
-49 1536
47 1536
-9 1536
-38 1536
48 1536
-48 1536
48 1536
-48 1536
48 1536
-9 1536
+10 1536
-9 1536
fe=(69)
777 3072
fi=(98)
47 1536
-9 1536
+10 1536
-9 1536
+1 3072
-40 1536
fi=(56)
72 1536
fe=(69)
779 3072
0 1536
fi=(98)
47 1536
-47 1536
48 1536
-48 1536
49 1536
-2 1536
-9 1536
+10 1536
-9 1536
+10 1536
-9 1536
+19 12288
fi=(57)
1264 1536
0 1536
828 7680
0 3072
828 1536
0 1536
2122 3072
fe=(69)
781 6144
fi=(57)
1006 3072
0 1536
fi=(98)
47 3072
+1 3072
+1 1536
-49 13824
fi=(66)
2144 6144
0 3072
fi=(67)
1100 1920
fe=(69)
388 1468
0 5872
fi=(57)
2001 1468
cfi=(81)
cfn=(952)
calls=1468 467 
* 11744
* 1468
fe=(69)
394 2936
0 768
395 384
0 1152
fi=(57)
2001 384
cfi=(81)
cfn=(952)
calls=384 467 
* 3072
* 1536
0 2304
fe=(69)
174 1536
fi=(57)
0 6504
fe=(69)
174 4336
0 14680
174 1468
fi=(96)
0 384
fe=(69)
377 768
+1 768
+2 768
+9 768
+1 768
+1 768
+4 768
+1 1920
0 24
304 6
cfi=(99)
cfn=(1130) <bevy_raytraced_audio::ray_trace::ReverbEstimate>::from_statistics
calls=6 456 
* 2004
* 36
0 6
fi=(98)
59 54
fi=(57)
1264 6
0 6
828 36
fi=(80)
678 18
cob=(3)
cfi=(3)
cfn=(1140) hypot@@GLIBC_2.35
calls=6 0 
* 180
0 6
678 12
cob=(3)
cfi=(3)
cfn=(1140)
calls=6 0 
* 180
0 12
fe=(69)
306 12
fi=(37)
975 18
+1 18
fi=(42)
616 6
fi=(63)
1461 6
fi=(47)
2689 6
fi=(42)
764 12
-94 6
fi=(78)
1663 5
fi=(46)
25 5
-25 12
279 36
0 18
fe=(69)
315 24
cfi=(99)
cfn=(1144) <bevy_raytraced_audio::ray_trace::SourceAccumulator>::finish
calls=6 634 
* 978
* 3048
cfi=(99)
cfn=(1144)
calls=762 634 
* 124206
fi=(65)
1963 3072
fi=(46)
279 3840
0 6
fi=(77)
31 6
fi=(42)
631 6
fi=(77)
31 6
-31 24
fi=(42)
631 6
fi=(24)
0 6
fe=(69)
317 18
fi=(42)
631 12
fe=(69)
318 24
fi=(78)
454 6
fi=(71)
4029 6
fi=(60)
2434 6
+4 12
fe=(69)
319 36
fi=(65)
847 12
fe=(69)
319 84
+1 48
-8 1
fi=(42)
672 4
cfn=(910)
calls=1 -14 
* 630
fi=(77)
14 1
-14 1
fi=(46)
25 1
fi=(42)
672 6
cfn=(910)
calls=1 -14 
* 252
fi=(63)
3101 2
fi=(42)
672 6
cfn=(910)
calls=1 -14 
* 273
fi=(63)
3101 1
fi=(42)
611 1
fi=(76)
970 2
fi=(66)
2144 1
fi=(67)
1100 1
fe=(69)

fl=(31) /rustc/b940084d7eb6a299eb4bfeb8e34901bc051e7ac4/library/std/src/env.rs
fn=(746) std::env::args_os
863 8
fi=(10)
3994 2
fi=(134) /rustc/b940084d7eb6a299eb4bfeb8e34901bc051e7ac4/library/core/src/ptr/const_ptr.rs
38 1
fi=(8) /rustc/b940084d7eb6a299eb4bfeb8e34901bc051e7ac4/library/std/src/sys/args/unix.rs
146 1
0 1
fi=(10)
3994 1
fi=(11)
3212 2
fi=(135) /rustc/b940084d7eb6a299eb4bfeb8e34901bc051e7ac4/library/core/src/intrinsics/mod.rs
478 2
fi=(20) /rustc/b940084d7eb6a299eb4bfeb8e34901bc051e7ac4/library/core/src/ptr/mut_ptr.rs
970 2
fe=(31)
864 4
+1 9
fi=(32)
461 2
0 2
fi=(24)
31 2
cob=(2)
cfi=(2)
cfn=(552)
calls=1 -31 
* 210
* 3
fi=(32)
470 2
fi=(33) /rustc/b940084d7eb6a299eb4bfeb8e34901bc051e7ac4/library/alloc/src/vec/mod.rs
969 2
fi=(8)
0 1
fi=(19) /rustc/b940084d7eb6a299eb4bfeb8e34901bc051e7ac4/library/core/src/cmp.rs
2144 1
fi=(34) /rustc/b940084d7eb6a299eb4bfeb8e34901bc051e7ac4/library/core/src/iter/range.rs
1100 1
0 8
fi=(18)
1963 9
fi=(8)
0 3
fi=(19)
2144 9
fi=(34)
1100 3
0 3
fi=(18)
1755 3
fi=(134)
38 3
fi=(8)
+4 3
-42 3
fi=(35) /rustc/b940084d7eb6a299eb4bfeb8e34901bc051e7ac4/library/core/src/ffi/c_str.rs
772 6
cob=(2)
cfi=(2)
cfn=(642) __strlen_avx2
calls=3 0 
* 50
* 3
fi=(32)
461 6
fi=(24)
31 6
cob=(2)
cfi=(2)
cfn=(552)
calls=3 -31 
* 458
fi=(32)
470 6
fi=(36) /rustc/b940084d7eb6a299eb4bfeb8e34901bc051e7ac4/library/alloc/src/slice.rs
0 3
fi=(18)
573 12
cob=(2)
cfi=(2)
cfn=(632) __memcpy_avx_unaligned_erms
calls=3 0 
* 41
fi=(33)
1032 9
fi=(34)
0 1
fi=(8)
61 4
fe=(31)

fl=(9) /rustc/b940084d7eb6a299eb4bfeb8e34901bc051e7ac4/library/std/src/rt.rs
fn=(508) std::rt::lang_start_internal
152 9
fi=(23)
34 1
fi=(74)
558 1
fi=(105)
1063 2
fi=(10)
3994 1
0 1
fi=(11)
938 1
fi=(135)
478 1
fi=(11)
938 1
fi=(10)
4140 1
fi=(136) /rustc/b940084d7eb6a299eb4bfeb8e34901bc051e7ac4/library/std/src/thread/id.rs
53 1
fi=(12)
976 1
0 4
fi=(10)
3978 1
fi=(13) /rustc/b940084d7eb6a299eb4bfeb8e34901bc051e7ac4/library/std/src/sys/pal/unix/mod.rs
91 6
-91 1
97 4
cob=(2)
cfi=(2)
cfn=(516) poll
calls=1 -97 
* 57
* 2
+70 2
0 3
167 3
+11 2
cob=(2)
cfi=(2)
cfn=(528) signal
calls=1 0 
* 139
* 2
fi=(16) /rustc/b940084d7eb6a299eb4bfeb8e34901bc051e7ac4/library/std/src/sys/pal/unix/conf.rs
6 2
cob=(2)
cfi=(2)
cfn=(536) sysconf
calls=1 -6 
* 63
fi=(10)
3978 1
+16 1
fi=(18)
735 5
fi=(14) /rustc/b940084d7eb6a299eb4bfeb8e34901bc051e7ac4/library/std/src/sys/pal/unix/stack_overflow.rs
366 1
cob=(2)
cfi=(2)
cfn=(540) pthread_self
calls=1 0 
* 3
* 3
cob=(2)
cfi=(2)
cfn=(542) pthread_getattr_np@@GLIBC_2.32
calls=1 0 
* 101919
* 1
+1 3
fi=(17) /rustc/b940084d7eb6a299eb4bfeb8e34901bc051e7ac4/library/core/src/ptr/metadata.rs
133 1
fi=(14)
369 4
+2 2
cob=(2)
cfi=(2)
cfn=(698) pthread_attr_getstack@@GLIBC_2.34
calls=1 0 
* 13
* 1
-1 2
+4 2
+3 1
cob=(2)
cfi=(2)
cfn=(700) pthread_attr_destroy
calls=1 0 
* 108
* 3
+15 10
0 6
fi=(15)
1663 1
fi=(116)
180 1
fi=(15)
1663 3
fi=(116)
180 3
fi=(15)
627 3
fi=(13)
114 9
fi=(14)
393 5
+50 2
fi=(18)
735 12
fi=(14)
174 3
cob=(2)
cfi=(2)
cfn=(530) sigaction
calls=1 0 
* 77
+2 2
fi=(10)
3994 1
762 1
fi=(14)
177 1
fi=(10)
3979 1
fi=(14)
180 2
cfn=(702) std::sys::pal::unix::stack_overflow::imp::make_handler
calls=1 +64 
* 254
367 1
184 1
+1 3
cfi=(21) /rustc/b940084d7eb6a299eb4bfeb8e34901bc051e7ac4/library/std/src/sys/pal/unix/stack_overflow/thread_info.rs
cfn=(718) std::sys::pal::unix::stack_overflow::thread_info::set_current_info
calls=1 -73 
* 522
0 1
189 1
+1 3
+4 3
cob=(2)
cfi=(2)
cfn=(530)
calls=1 0 
* 77
0 1
174 3
cob=(2)
cfi=(2)
cfn=(530)
calls=1 0 
* 77
+2 2
fi=(10)
3994 1
762 1
fi=(14)
177 1
+12 1
+1 3
+4 3
cob=(2)
cfi=(2)
cfn=(530)
calls=1 0 
* 77
0 1
fi=(10)
3978 5
fi=(86) /rustc/b940084d7eb6a299eb4bfeb8e34901bc051e7ac4/library/core/src/ops/function.rs
287 1
cfi=(28) /nix/store/gdmwxvljfzg4170cywp01acax62izwpf-rust-default-1.99.0/lib/rustlib/src/rust/library/std/src/rt.rs
cfn=(740) std::rt::lang_start::<()>::{closure#0}
calls=1 -81 
* 358687240
fe=(9)
185 1
fi=(10)
3995 1
fi=(72)
87 1
fi=(107)
+74 1
fi=(125) /rustc/b940084d7eb6a299eb4bfeb8e34901bc051e7ac4/library/std/src/sys/exit.rs
36 1
cob=(2)
cfi=(2)
cfn=(736) __errno_location
calls=1 -36 
* 4
* 1
fi=(10)
4083 2
fi=(125)
37 1
fe=(9)
195 9
fi=(107)
-30 2
+1 7
cfi=(72)
cfn=(890) <std::sys::sync::once::futex::Once>::call
calls=1 -20 
* 174
* 1
fe=(9)

fl=(60)
fn=(1172)
2144 6
fi=(137) /nix/store/gdmwxvljfzg4170cywp01acax62izwpf-rust-default-1.99.0/lib/rustlib/src/rust/library/alloc/src/rc.rs
3277 6
fe=(60)
3392 6
fi=(71)
4049 6
fe=(60)
3544 6
fi=(24)
65 6
cob=(2)
cfi=(2)
cfn=(654)
calls=6 -65 
* 258
fe=(60)

fl=(117) /rustc/b940084d7eb6a299eb4bfeb8e34901bc051e7ac4/library/core/src/io/write.rs
fn=(1242) <core::io::write::default_write_fmt::Adapter<std::io::stdio::StdoutLock> as core::fmt::Write>::write_str
390 15
+1 6
cfi=(104)
cfn=(1244) <std::io::stdio::StdoutLock as core::io::write::Write>::write_all
calls=3 862 
* 503
* 15
+7 12

fl=(65)
fn=(1294) core::ptr::drop_glue::<<acoustic_performance::Workload>::new::{closure#3}>
847 6
cfn=(1296) core::ptr::drop_glue::<bevy_raytraced_audio::scene2d::AcousticScene2d>
calls=1 * 
* 631
fi=(42)
631 2
fe=(65)
847 1
fi=(24)
65 1
cob=(2)
cfi=(2)
cfn=(654)
calls=1 -65 
* 182
fe=(65)
847 5
cfn=(1306) core::ptr::drop_glue::<bevy_raytraced_audio::ray_tracer3d::ListenerTrace3d>
calls=1 * 
* 659

fn=(1306)
847 2
fi=(42)
631 2
fe=(65)
847 1
fi=(24)
65 1
cob=(2)
cfi=(2)
cfn=(654)
calls=1 -65 
* 217
fi=(42)
631 4
fe=(65)
847 1
fi=(24)
65 1
cob=(2)
cfi=(2)
cfn=(654)
calls=1 -65 
* 143
fi=(42)
631 2
fe=(65)
847 1
fi=(24)
65 1
cob=(2)
cfi=(2)
cfn=(654)
calls=1 -65 
* 43
fi=(42)
631 2
fe=(65)
847 1
fi=(24)
65 1
cob=(2)
cfi=(2)
cfn=(654)
calls=1 -65 
* 178
fe=(65)
847 3
fi=(78)
454 1
fi=(71)
4049 1
fi=(60)
2868 1
+43 3
cfn=(1172)
calls=1 2144 
* 49
fe=(65)

fn=(1296)
847 4
fi=(42)
631 2
fe=(65)
847 1
fi=(24)
65 1
cob=(2)
cfi=(2)
cfn=(654)
calls=1 -65 
* 143
fi=(53)
724 1
fi=(103)
92 5
fi=(42)
631 2
fe=(65)
847 1
fi=(24)
65 1
cob=(2)
cfi=(2)
cfn=(654)
calls=1 -65 
* 123
fi=(42)
631 2
fe=(65)
847 1
fi=(24)
65 1
cob=(2)
cfi=(2)
cfn=(654)
calls=1 -65 
* 182
fi=(42)
631 2
fe=(65)
847 1
fi=(24)
65 1
cob=(2)
cfi=(2)
cfn=(654)
calls=1 -65 
* 143
fi=(53)
724 1
fi=(103)
92 3
fe=(65)
847 4
fi=(103)
92 2
fe=(65)
847 1
fi=(78)
454 1
fi=(71)
4049 1
fi=(60)
2868 1
fe=(65)

fl=(104)
fn=(1184) std::io::stdio::print_to_buffer_if_capture_used
1172 8
fi=(10)
3994 1
762 1
fe=(104)
1173 1
fi=(105)
0 1
fe=(104)
1183 8

fn=(1244)
862 24
fi=(129)
401 3
fi=(74)
2069 6
0 3
fi=(12)
976 3
fi=(118)
115 9
cfn=(1248)
calls=3 +8 
* 146
fe=(104)
863 3
fi=(118)
116 6
0 1
fi=(122) /rustc/b940084d7eb6a299eb4bfeb8e34901bc051e7ac4/library/alloc/src/io/buffered/linewritershim.rs
306 1
fi=(33)
1865 1
fi=(122)
308 4
fi=(32)
616 1
fi=(121)
482 1
+92 2
0 1
fi=(20)
970 2
fi=(18)
573 2
cob=(2)
cfi=(2)
cfn=(632)
calls=1 0 
* 16
fi=(121)
-97 1
fi=(33)
2224 1
fi=(122)
318 2
cfi=(121)
cfn=(1274)
calls=1 208 
* 132
* 1
fi=(25) /rustc/b940084d7eb6a299eb4bfeb8e34901bc051e7ac4/library/core/src/result.rs
2177 2
0 6
fi=(32)
616 1
fi=(33)
3101 1
fi=(121)
482 1
+92 2
fi=(33)
1865 2
fi=(119)
282 4
fi=(32)
611 1
fi=(122)
48 3
fi=(10)
-48 2
fi=(32)
616 1
fi=(121)
482 1
+92 2
fi=(32)
+42 1
fi=(121)
482 1
+92 2
0 3
fi=(20)
970 3
fi=(18)
573 6
cob=(2)
cfi=(2)
cfn=(632)
calls=3 0 
* 47
fi=(121)
-97 3
fi=(33)
2224 6
fi=(12)
976 3
fe=(104)
864 27

fn=(1206) <&std::io::stdio::Stdout as core::io::write::Write>::write_fmt
836 9
+1 1
-65 1
fi=(23)
34 1
fi=(74)
558 1
fi=(105)
1063 2
fi=(10)
3994 1
fi=(129)
101 1
290 1
fi=(10)
4083 3
fi=(131)
32 1
fi=(10)
3978 1
fi=(129)
296 1
fe=(104)
837 2
fi=(117)
401 2
+1 5
cfi=(109) /rustc/b940084d7eb6a299eb4bfeb8e34901bc051e7ac4/library/core/src/fmt/mod.rs
cfn=(1210) core::fmt::write
calls=1 1631 
* 1082
0 1
402 2
0 1
fi=(18)
847 1
fi=(123) /rustc/b940084d7eb6a299eb4bfeb8e34901bc051e7ac4/library/core/src/io/error.rs
0 1
fe=(104)
837 1
fi=(129)
425 1
+1 1
fi=(10)
3978 1
+35 2
fi=(131)
90 2
fe=(104)
838 7

fn=(1182) std::io::stdio::_print
1274 10
1162 1
cfn=(1184)
calls=1 +10 
* 20
* 2
fi=(10)
3995 1
fi=(72)
87 1
fi=(106)
+98 1
fe=(104)
1167 3
811 5
cfn=(1206)
calls=1 +25 
* 1136
1167 2
1276 5
fi=(106)
439 1
cfi=(10)
cfn=(1192) <std::sync::once_lock::OnceLock<std::sync::reentrant_lock::ReentrantLock<core::cell::RefCell<alloc::io::buffered::linewriter::LineWriter<std::io::stdio::StdoutRaw>>>>>::initialize::<<std::sync::once_lock::OnceLock<std::sync::reentrant_lock::ReentrantLock<core::cell::RefCell<alloc::io::buffered::linewriter::LineWriter<std::io::stdio::StdoutRaw>>>>>::get_or_init<std::io::stdio::stdout::{closure#0}>::{closure#0}, !>
calls=1 3995 
* 136
* 1
fe=(104)

fl=(10)
fn=(954) compiler_builtins::math::libm_math::arch::x86::fma::fma::initializer
3994 1
fi=(82) /rustc/b940084d7eb6a299eb4bfeb8e34901bc051e7ac4/library/compiler-builtins/compiler-builtins/src/math/../../../libm/src/math/support/feature_detect.rs
112 1
+22 1
0 6
fi=(86)
250 1
cfi=(83) /rustc/b940084d7eb6a299eb4bfeb8e34901bc051e7ac4/library/compiler-builtins/compiler-builtins/src/math/../../../libm/src/math/arch/x86/detect.rs
cfn=(958) compiler_builtins::math::libm_math::arch::x86::detect::load_x86_features
calls=1 44 
* 128
* 3
fi=(82)
107 1
fe=(10)
3978 3
fi=(87) /rustc/b940084d7eb6a299eb4bfeb8e34901bc051e7ac4/library/compiler-builtins/compiler-builtins/src/math/../../../libm/src/math/arch/x86/fma.rs
15 4
fi=(82)
+97 1
fi=(87)
-97 2
fe=(10)
3978 1
fi=(87)
24 1
cfn=(966) compiler_builtins::math::libm_math::arch::x86::fma::fma_with_fma
calls=1 +31 
* 2
fe=(10)

fn=(1192)
3995 1
fi=(72)
87 1
fi=(107)
221 1
fi=(106)
0 3
fi=(107)
225 6
+1 7
cfi=(72)
cfn=(890)
calls=1 -80 
* 114
* 2
fi=(106)
586 1
fe=(10)

fl=(109)
fn=(1236) <core::fmt::Formatter>::pad_formatted_parts
1981 10
+1 3
+3 10
cfn=(1238) <core::fmt::Formatter>::write_formatted_parts
calls=1 +46 
* 328

fn=(1210)
1631 12
878 2
0 1
fi=(18)
1755 1
fe=(109)
1653 2
0 5
fi=(18)
1755 4
fe=(109)
1653 4
fi=(15)
627 4
fe=(109)
1656 4
+9 4
cfi=(117)
cfn=(1242)
calls=1 390 
* 289
fi=(25)
2177 2
fe=(109)
0 1
fi=(25)
2177 1
fe=(109)
1666 4
0 1
fi=(15)
627 2
fe=(109)
-50 5
fi=(138) /rustc/b940084d7eb6a299eb4bfeb8e34901bc051e7ac4/library/core/src/fmt/rt.rs
144 1
+8 2
cfi=(110) /rustc/b940084d7eb6a299eb4bfeb8e34901bc051e7ac4/library/core/src/fmt/float.rs
cfn=(1214) <f64 as core::fmt::Display>::fmt
calls=1 +65 
* 716
fi=(25)
2177 2
fe=(109)
0 5
1740 8

fn=(1238)
2031 11
+9 1
fi=(139) /rustc/b940084d7eb6a299eb4bfeb8e34901bc051e7ac4/library/core/src/str/mod.rs
176 1
fe=(109)
2040 1
+3 1
fi=(15)
1663 1
fi=(116)
180 1
0 5
fi=(25)
0 2
fi=(15)
1663 2
fi=(116)
180 2
fe=(109)
2044 8
+1 1
+3 2
+21 2
-32 2
cfi=(117)
cfn=(1242)
calls=1 390 
* 140
fi=(25)
2177 2
fe=(109)
2052 2
0 1
2053 5
cfi=(117)
cfn=(1242)
calls=1 390 
* 122
fi=(25)
2177 4
fe=(109)
0 1
2075 8

fl=(30)
fn=(744)
4 8
fi=(31)
829 1
cfn=(746)
calls=1 +34 
* 911
fi=(37)
976 1
fi=(15)
1663 1
fi=(140) /rustc/b940084d7eb6a299eb4bfeb8e34901bc051e7ac4/library/alloc/src/vec/into_iter.rs
28 1
fi=(15)
1663 1
fi=(140)
262 1
fi=(15)
627 1
fi=(140)
266 1
fi=(18)
1755 1
fi=(105)
1162 2
fi=(31)
878 3
fi=(40) /rustc/b940084d7eb6a299eb4bfeb8e34901bc051e7ac4/library/alloc/src/string.rs
570 3
cfi=(38)
cfn=(770)
calls=1 89 
* 53
* 2
fi=(41) /nix/store/gdmwxvljfzg4170cywp01acax62izwpf-rust-default-1.99.0/lib/rustlib/src/rust/library/core/src/iter/traits/iterator.rs
2489 2
fi=(24)
65 2
cob=(2)
cfi=(2)
cfn=(654)
calls=1 -65 
* 43
fi=(15)
1663 1
fi=(140)
262 1
fi=(15)
627 1
fi=(140)
266 1
fi=(18)
1755 1
fi=(105)
1162 2
fi=(31)
878 3
fi=(40)
570 3
cfi=(38)
cfn=(770)
calls=1 89 
* 99
* 2
fi=(42)
+61 3
0 1
fi=(15)
1663 1
fi=(140)
262 1
fi=(15)
627 1
fi=(140)
266 1
fi=(18)
1755 2
fi=(105)
1162 2
fi=(31)
878 4
fi=(40)
570 2
cfi=(38)
cfn=(770)
calls=1 89 
* 44
* 2
fi=(43) /nix/store/gdmwxvljfzg4170cywp01acax62izwpf-rust-default-1.99.0/lib/rustlib/src/rust/library/core/src/num/mod.rs
1781 3
+7 12
0 1
1574 1
1819 2
+2 1
fi=(47)
2689 1
0 1
fi=(141) /nix/store/gdmwxvljfzg4170cywp01acax62izwpf-rust-default-1.99.0/lib/rustlib/src/rust/library/core/src/char/methods.rs
427 1
fi=(43)
1801 1
+18 2
+42 2
fi=(59) /nix/store/gdmwxvljfzg4170cywp01acax62izwpf-rust-default-1.99.0/lib/rustlib/src/rust/library/core/src/result.rs
1182 2
fi=(42)
631 2
fi=(24)
65 1
cob=(2)
cfi=(2)
cfn=(654)
calls=1 -65 
* 43
-65 1
fe=(30)
12 3
cfi=(44) /home/leona/Code/github.com/sagan-software/bevy-raytraced-audio/tests/performance/src/lib.rs
cfn=(786) <acoustic_performance::Workload>::new
calls=1 162 
* 59974836
-12 4
fi=(66)
2144 1
fi=(67)
1100 1
0 5
fi=(68)
2327 2
cfi=(44)
cfn=(870) <acoustic_performance::Workload>::new::{closure#3}
calls=1 228 
* 59960141
* 8
cfi=(44)
cfn=(870)
calls=4 228 
* 238747922
fi=(102) /nix/store/gdmwxvljfzg4170cywp01acax62izwpf-rust-default-1.99.0/lib/rustlib/src/rust/library/core/src/hint.rs
491 5
0 5
fi=(142) /nix/store/gdmwxvljfzg4170cywp01acax62izwpf-rust-default-1.99.0/lib/rustlib/src/rust/library/core/src/iter/traits/accum.rs
166 5
0 5
fi=(66)
2144 5
fi=(67)
1100 6
0 1
fe=(30)
19 1
-19 1
19 6
cfi=(104)
cfn=(1182)
calls=1 1274 
* 1325
* 1
fi=(65)
847 6
cfn=(1294)
calls=1 * 
* 1487
fi=(68)
1999 2
fi=(24)
65 2
cob=(2)
cfi=(2)
cfn=(654)
calls=1 -65 
* 43
fi=(42)
631 2
fi=(24)
65 2
cob=(2)
cfi=(2)
cfn=(654)
calls=1 -65 
* 43
fi=(65)
847 2
fi=(126)
733 2
fi=(65)
847 2
fi=(42)
631 2
fi=(124) /nix/store/gdmwxvljfzg4170cywp01acax62izwpf-rust-default-1.99.0/lib/rustlib/src/rust/library/alloc/src/vec/into_iter.rs
203 1
fi=(24)
65 1
cob=(2)
cfi=(2)
cfn=(654)
calls=1 -65 
* 43
fe=(30)
-37 8

fl=(71)
fn=(932) <std::sync::once_lock::OnceLock<bevy_raytraced_audio::scene3d::SceneAcceleration3d>>::initialize::<<std::sync::once_lock::OnceLock<bevy_raytraced_audio::scene3d::SceneAcceleration3d>>::get_or_init<<bevy_raytraced_audio::scene3d::AcousticScene3d>::acceleration::{closure#0}>::{closure#0}, !>
3995 6
fi=(103)
87 6
fi=(73)
221 6
fi=(53)
0 12
fi=(73)
225 12
fi=(53)
571 6
0 6
fi=(73)
225 12
+1 36
cfi=(72)
cfn=(890)
calls=6 -80 
* 1568724
0 6
fi=(53)
586 6
fe=(71)

fn=(886)
3995 6
fi=(103)
87 6
fi=(73)
221 6
fi=(53)
0 12
fi=(73)
225 6
fi=(53)
571 6
0 6
fi=(73)
225 12
+1 36
cfi=(72)
cfn=(890)
calls=6 -80 
* 1540
0 6
fi=(53)
586 6
fe=(71)

fl=(7)
fn=(472)
0 12
cob=(2)
cfi=(2)
cfn=(474) __libc_start_main@@GLIBC_2.34
calls=1 0 
0 358793494

fn=(506) main
0 10
cfi=(9)
cfn=(508)
calls=1 152 
0 358791018
0 2

fn=(1366) 0x0000000000044cd0
0 5

fn=(1352)
0 9
cob=(2)
cfi=(2)
cfn=(1360) __cxa_finalize
calls=1 0 
0 87
0 1

ob=(1)
fl=(1)
fn=(32)
0 69

fn=(80) copy_hwcaps
0 48
cfn=(82)
calls=2 0 
0 26
0 22
cfn=(70) _dl_hwcaps_split_masked
calls=2 0 
0 157
0 4
cfn=(70)
calls=2 0 
0 199
0 32

fn=(122) _dl_catch_error
0 14
cfn=(124)
calls=1 0 
0 2868
0 19

fn=(176)
0 116

fn=(196) _dl_determine_tlsoffset
0 138
cfn=(16)
calls=1 0 
0 25
0 17
cfn=(16)
calls=1 0 
0 25
0 46

fn=(370) _dl_find_object_from_map
0 756

fn=(374) _dlfo_sort_mappings
0 222

fn=(410) _dl_audit_activity_nsid
0 33

fn=(1342) _dl_fini
0 21
cob=(2)
cfi=(2)
cfn=(1344) pthread_mutex_lock@@GLIBC_2.2.5
calls=1 0 
0 45
0 40
cfn=(410)
calls=1 0 
0 11
0 110
cfn=(178)
calls=1 0 
0 522
0 2
cob=(2)
cfi=(2)
cfn=(1346) pthread_mutex_unlock@@GLIBC_2.2.5
calls=1 0 
0 40
0 72
cfn=(1350)
calls=6 0 
0 691
0 12
cfn=(1374)
calls=6 0 
0 66
0 23
cfn=(410)
calls=1 0 
0 11
0 2

fn=(46) _dl_next_ld_env_entry
0 1499

fn=(86) decompose_rpath
0 20
cfn=(88) strdup
calls=1 0 
0 181
0 1644
cfn=(52)
calls=1 0 
0 24
0 10
cfn=(90) fillin_rpath.isra.0
calls=1 0 
0 3649
0 2
cfn=(98)
calls=1 0 
0 10
0 20

fn=(118) strcspn
0 455

fn=(136)
0 100
cfn=(74)
calls=4 0 
0 96
0 13
cfn=(94) expand_dynamic_string_token
calls=1 0 
0 255
0 13
cfn=(138)
calls=1 0 
0 122
0 64
cfn=(144)
calls=4 0 
0 8743
0 70
cfn=(38)
calls=3 0 
0 51
0 72
cfn=(164)
calls=3 0 
0 10146
0 36
cfn=(170)
calls=3 0 
0 48
0 18
cfn=(164)
calls=3 0 
0 2674
0 48

fn=(182) _dl_receive_error
0 13
cfn=(184)
calls=1 0 
0 17433
0 11

fn=(212)
0 35088
cfn=(214) do_lookup_x
calls=252 0 
0 115391
0 13427

fn=(368) _dl_find_object_init
0 10
cfn=(372) _dlfo_process_initial
calls=1 0 
0 138
0 5
cfn=(52)
calls=1 0 
0 24
0 8
cfn=(372)
calls=1 0 
0 788
0 16
cfn=(370)
calls=1 0 
0 126
0 2
cfn=(374)
calls=1 0 
0 222
0 7

fn=(376) __x86_cpu_features
0 6

fn=(382) __rtld_malloc_init_real
0 86
cfn=(384)
calls=1 0 
0 675
0 5
cfn=(384)
calls=1 0 
0 659
0 5
cfn=(384)
calls=1 0 
0 685
0 5
cfn=(384)
calls=1 0 
0 702
0 17

fn=(40)
0 16

fn=(110) _dl_debug_change_state
0 12
cfn=(112)
calls=2 0 
0 4
0 6

fn=(116) handle_preload_list
0 30
cfn=(120) do_preload
calls=1 0 
0 2937
0 6
cfn=(118)
calls=1 0 
0 455
0 8
cfn=(54)
calls=1 0 
0 27
0 14

fn=(146)
0 40

fn=(206) dl_cet_check
0 30

fn=(304) mprotect
0 36

fn=(6)
0 198

fn=(96)
0 168
cfn=(74)
calls=21 0 
0 1182
0 189

fn=(388) _dl_call_libc_early_init
0 14
cfn=(380)
calls=1 0 
0 255
0 12
cob=(2)
cfi=(2)
cfn=(390) __libc_early_init
calls=1 0 
0 1600

fn=(62)
0 22280

fn=(66) _dl_important_hwcaps
0 18
cfn=(68)
calls=1 0 
0 39
0 8
cfn=(70)
calls=1 0 
0 27
0 24
cfn=(70)
calls=2 0 
0 157
0 2
cfn=(70)
calls=1 0 
0 172
0 12
cfn=(52)
calls=1 0 
0 24
0 13
cfn=(72)
calls=1 0 
0 11
0 40
cfn=(70)
calls=2 0 
0 157
0 2
cfn=(70)
calls=1 0 
0 172
0 39
cfn=(78)
calls=1 0 
0 19
0 31
cfn=(52)
calls=1 0 
0 24
0 14
cfn=(80)
calls=1 0 
0 58
0 5
cfn=(80)
calls=1 0 
0 430
0 22

fn=(76) _dl_hwcaps_contains
0 48

fn=(100)
0 623

fn=(108) _dl_count_modids
0 10

fn=(156)
0 56

fn=(166)
0 210
cfn=(168)
calls=35 0 
0 540

fn=(186)
0 50
cfn=(188)
calls=6 0 
0 17330
0 34

fn=(2)
0 684
cfn=(4)
calls=1 0 
0 11
0 11
cfn=(6)
calls=1 0 
0 33
0 9
cfn=(8)
calls=1 0 
0 385951
0 31

fn=(90)
0 44
cfn=(92)
calls=2 0 
0 1963
0 39
cfn=(92)
calls=13 0 
0 10003
0 107
cfn=(94)
calls=12 0 
0 2734
0 60
cfn=(38)
calls=12 0 
0 576
0 589
cfn=(78)
calls=3 0 
0 61
0 40
cfn=(98)
calls=13 0 
0 157
0 70
cfn=(38)
calls=2 0 
0 34
0 12
cfn=(52)
calls=2 0 
0 48
0 40
cfn=(52)
calls=10 0 
0 383
0 108
cfn=(82)
calls=12 0 
0 292
0 383
cfn=(54)
calls=2 0 
0 28
0 167

fn=(148)
0 341

fn=(204) _dl_cet_check
0 2
cfn=(206)
calls=1 0 
0 30

fn=(366) _dl_allocate_tls_init
0 18
cfn=(58)
calls=1 0 
0 3
0 133
cfn=(82)
calls=3 0 
0 55
0 18
cfn=(84)
calls=3 0 
0 52
0 37
cfn=(58)
calls=1 0 
0 3
0 17

fn=(372)
0 276
cfn=(370)
calls=5 0 
0 630
0 20

fn=(380)
0 136
cfn=(216)
calls=3 0 
0 486
0 57

fn=(422)
0 33
cfn=(424)
calls=1 0 
0 46
0 35
cfn=(424)
calls=5 0 
0 818
0 27
cfn=(424)
calls=1 0 
0 89
0 3

fn=(20)
0 5
cfn=(22) init_cpu_features.constprop.0
calls=1 0 
0 7661

fn=(22)
0 28
cfn=(24) get_common_indices.constprop.0
calls=1 0 
0 79
0 28
cfn=(26)
calls=1 0 
0 205
0 98
cfn=(16)
calls=1 0 
0 24
0 7
cfn=(16)
calls=1 0 
0 24
0 15
cfn=(16)
calls=1 0 
0 24
0 10
cfn=(16)
calls=1 0 
0 24
0 11
cfn=(16)
calls=1 0 
0 24
0 8
cfn=(16)
calls=1 0 
0 24
0 14
cfn=(34)
calls=1 0 
0 46
0 12
cfn=(34)
calls=1 0 
0 46
0 9
cfn=(34)
calls=1 0 
0 46
0 10
cfn=(34)
calls=1 0 
0 46
0 11
cfn=(34)
calls=1 0 
0 46
0 10
cfn=(34)
calls=1 0 
0 46
0 16
cfn=(16)
calls=1 0 
0 23
0 4
cfn=(16)
calls=1 0 
0 25
0 11
cfn=(16)
calls=1 0 
0 23
0 4
cfn=(16)
calls=1 0 
0 23
0 12
cfn=(16)
calls=1 0 
0 25
0 46
cfn=(28) handle_intel.constprop.0
calls=1 0 
0 485
0 3
cfn=(28)
calls=1 0 
0 550
0 5
cfn=(28)
calls=1 0 
0 502
0 3
cfn=(28)
calls=1 0 
0 494
0 5
cfn=(28)
calls=1 0 
0 475
0 3
cfn=(28)
calls=1 0 
0 477
0 3
cfn=(28)
calls=1 0 
0 525
0 3
cfn=(28)
calls=1 0 
0 515
0 3
cfn=(28)
calls=1 0 
0 517
0 4
cfn=(28)
calls=1 0 
0 540
0 3
cfn=(28)
calls=1 0 
0 542
0 3
cfn=(28)
calls=1 0 
0 543
0 7
cfn=(32)
calls=1 0 
0 229
0 35

fn=(42)
0 22
cfn=(44)
calls=1 0 
0 20
0 11
cfn=(46)
calls=1 0 
0 185
0 6
cfn=(46)
calls=3 0 
0 1314
0 253
cfn=(48)
calls=1 0 
0 297
0 13
cfn=(56)
calls=1 0 
0 33
0 423
cfn=(60)
calls=1 0 
0 44
0 15
cfn=(62)
calls=1 0 
0 25
0 354
cfn=(6)
calls=1 0 
0 33
0 10
cfn=(64) _dl_init_paths
calls=1 0 
0 26109
0 3
cfn=(106) _dl_debug_initialize
calls=1 0 
0 27
0 152
cfn=(108)
calls=1 0 
0 10
0 9
cfn=(110)
calls=1 0 
0 11
0 3
cfn=(114)
calls=1 0 
0 10
0 11
cfn=(158)
calls=1 0 
0 13
0 22
cfn=(160)
calls=1 0 
0 29067
0 115
cfn=(182)
calls=1 0 
0 17457
0 119
cfn=(204)
calls=1 0 
0 32
0 17
cfn=(208)
calls=1 0 
0 81417
0 119
cfn=(208)
calls=6 0 
0 134221
0 30
cfn=(306) _dl_add_to_slotinfo
calls=3 0 
0 102
0 14
cfn=(364)
calls=1 0 
0 47
0 10
cfn=(366)
calls=1 0 
0 336
0 6
cfn=(368)
calls=1 0 
0 1346
0 12
cfn=(210)
calls=1 0 
0 269
0 6
cfn=(378)
calls=1 0 
0 474
0 2
cfn=(382)
calls=1 0 
0 2839
0 2
cfn=(386)
calls=1 0 
0 714
0 2
cfn=(302)
calls=1 0 
0 41
0 3
cfn=(388)
calls=1 0 
0 1881
0 1
cfn=(408) _dl_sysdep_start_cleanup
calls=1 0 
0 2
0 2
cfn=(154)
calls=1 0 
0 9
0 3
cfn=(110)
calls=1 0 
0 11
0 3
cfn=(410)
calls=1 0 
0 11
0 1
cfn=(412)
calls=1 0 
0 10
0 129
cfn=(192) init_tls
calls=1 0 
0 1060
0 23
cfn=(116)
calls=1 0 
0 3477
0 35

fn=(74)
0 1494

fn=(88)
0 98
cfn=(38)
calls=14 0 
0 846
0 42
cfn=(52)
calls=14 0 
0 336
0 126
cfn=(54)
calls=14 0 
0 362

fn=(94)
0 117
cfn=(96)
calls=13 0 
0 1139
0 104
cfn=(88)
calls=13 0 
0 1629

fn=(192)
0 14
cfn=(50)
calls=1 0 
0 35
0 5
cfn=(194) _dl_tls_static_surplus_init
calls=1 0 
0 91
0 1
cfn=(196)
calls=1 0 
0 251
0 1
cfn=(198)
calls=1 0 
0 528
0 14
cfn=(202) __tls_init_tp
calls=1 0 
0 110
0 10

fn=(194)
0 12
cfn=(16)
calls=1 0 
0 24
0 5
cfn=(16)
calls=1 0 
0 24
0 26

fn=(202)
0 33
cfn=(16)
calls=1 0 
0 25
0 29
cfn=(84)
calls=1 0 
0 13
0 10

fn=(64)
0 16
cfn=(66)
calls=1 0 
0 1520
0 3
cfn=(52)
calls=1 0 
0 24
0 13
cfn=(52)
calls=1 0 
0 24
0 58
cfn=(84)
calls=2 0 
0 28
0 44
cfn=(86)
calls=1 0 
0 5560
0 8
cfn=(38)
calls=1 0 
0 133
0 17
cfn=(54)
calls=1 0 
0 143
0 4174
cfn=(52)
calls=1 0 
0 24
0 10
cfn=(90)
calls=1 0 
0 14289
0 21

fn=(106)
0 27

fn=(214)
0 80323
cfn=(216)
calls=247 0 
0 31717
0 3351

fn=(408)
0 2

fn=(418)
0 10

fn=(496) _dl_audit_preinit
0 11

fn=(24)
0 79

fn=(28)
0 420
cfn=(30)
calls=12 0 
0 4236
0 84
cfn=(30)
calls=12 0 
0 1401
0 24

fn=(38)
0 2064

fn=(70)
0 88
cfn=(72)
calls=11 0 
0 511
0 6
cfn=(72)
calls=3 0 
0 204
0 106
cfn=(76)
calls=6 0 
0 48
0 78

fn=(120)
0 19
cfn=(122)
calls=1 0 
0 2901
0 17

fn=(124)
0 189
cfn=(126) __sigsetjmp
calls=9 0 
0 207
0 54
cfn=(162)
calls=8 0 
0 25266
cfn=(128)
calls=1 0 
0 2798
0 180

fn=(126)
0 207

fn=(150)
0 36

fn=(180)
0 510

fn=(190)
0 57

fn=(210)
0 39174
cfn=(212)
calls=241 0 
0 157200
0 11361
cfn=(376)
calls=1 0 
0 6
cob=(3)
cfi=(3)
cfn=(362) sincos
calls=1 0 
0 9
cob=(3)
cfi=(3)
cfn=(360) fmaf
calls=1 0 
0 7
cob=(3)
cfi=(3)
cfn=(358) sin
calls=1 0 
0 11
cob=(3)
cfi=(3)
cfn=(356) __atan2_finite@GLIBC_2.15
calls=1 0 
0 11
cob=(3)
cfi=(3)
cfn=(354) roundevenf
calls=1 0 
0 8
cob=(3)
cfi=(3)
cfn=(352) __atanh_finite@GLIBC_2.15
calls=1 0 
0 11
cob=(3)
cfi=(3)
cfn=(350) __sinh_finite@GLIBC_2.15
calls=1 0 
0 11
cob=(3)
cfi=(3)
cfn=(348) exp2f@@GLIBC_2.27
calls=1 0 
0 11
cob=(3)
cfi=(3)
cfn=(346) expm1
calls=1 0 
0 11
cob=(3)
cfi=(3)
cfn=(344) __asin_finite@GLIBC_2.15
calls=1 0 
0 9
cob=(3)
cfi=(3)
cfn=(342) roundeven
calls=1 0 
0 8
cob=(3)
cfi=(3)
cfn=(340) fma
calls=1 0 
0 7
cob=(3)
cfi=(3)
cfn=(338) sinf
calls=1 0 
0 11
cob=(3)
cfi=(3)
cfn=(336) __acos_finite@GLIBC_2.15
calls=1 0 
0 9
cob=(3)
cfi=(3)
cfn=(334) atan
calls=1 0 
0 11
cob=(3)
cfi=(3)
cfn=(332) __log_finite@GLIBC_2.15
calls=1 0 
0 11
cob=(3)
cfi=(3)
cfn=(330) __log1p
calls=1 0 
0 11
cob=(3)
cfi=(3)
cfn=(328) log2f@@GLIBC_2.27
calls=1 0 
0 11
cob=(3)
cfi=(3)
cfn=(326) __pow_finite@GLIBC_2.15
calls=1 0 
0 9
cob=(3)
cfi=(3)
cfn=(324) powf@@GLIBC_2.27
calls=1 0 
0 11
cob=(3)
cfi=(3)
cfn=(322) sincosf
calls=1 0 
0 11
cob=(3)
cfi=(3)
cfn=(320) log2@@GLIBC_2.29
calls=1 0 
0 11
cob=(3)
cfi=(3)
cfn=(318) tan
calls=1 0 
0 11
cob=(3)
cfi=(3)
cfn=(316) logf@@GLIBC_2.27
calls=1 0 
0 11
cob=(3)
cfi=(3)
cfn=(314) cos
calls=1 0 
0 11
cob=(3)
cfi=(3)
cfn=(312) __exp_finite@GLIBC_2.15
calls=1 0 
0 11
cob=(3)
cfi=(3)
cfn=(310) cosf
calls=1 0 
0 11
cob=(3)
cfi=(3)
cfn=(308) expf@@GLIBC_2.27
calls=2 0 
0 22
cob=(2)
cfi=(2)
cfn=(300) strncasecmp
calls=1 0 
0 24
cob=(2)
cfi=(2)
cfn=(298) mempcpy
calls=1 0 
0 25
cob=(2)
cfi=(2)
cfn=(296) wcpncpy
calls=1 0 
0 21
cob=(2)
cfi=(2)
cfn=(294) strspn
calls=1 0 
0 8
cob=(2)
cfi=(2)
cfn=(292) memchr
calls=1 0 
0 24
cob=(2)
cfi=(2)
cfn=(290) memmove
calls=1 0 
0 25
cob=(2)
cfi=(2)
cfn=(288) stpcpy
calls=1 0 
0 21
cob=(2)
cfi=(2)
cfn=(286) __memmove_chk
calls=1 0 
0 25
cob=(2)
cfi=(2)
cfn=(284) wmemcmp
calls=1 0 
0 28
cob=(2)
cfi=(2)
cfn=(282) strncpy
calls=1 0 
0 23
cob=(2)
cfi=(2)
cfn=(280) strlen
calls=1 0 
0 28
cob=(2)
cfi=(2)
cfn=(278) wcscat
calls=1 0 
0 21
cob=(2)
cfi=(2)
cfn=(276) strcasecmp_l
calls=1 0 
0 24
cob=(2)
cfi=(2)
cfn=(274) strcpy
calls=1 0 
0 21
cob=(2)
cfi=(2)
cfn=(272) wmemset
calls=2 0 
0 42
cob=(2)
cfi=(2)
cfn=(270) bcmp
calls=1 0 
0 28
cob=(2)
cfi=(2)
cfn=(268) strchrnul
calls=1 0 
0 28
cob=(2)
cfi=(2)
cfn=(266) strncasecmp_l
calls=1 0 
0 24
cob=(2)
cfi=(2)
cfn=(264) strcat
calls=1 0 
0 21
cob=(2)
cfi=(2)
cfn=(262) wcscpy
calls=1 0 
0 19
cob=(2)
cfi=(2)
cfn=(260) strcspn
calls=1 0 
0 8
cob=(2)
cfi=(2)
cfn=(258) strcasecmp
calls=1 0 
0 24
cob=(2)
cfi=(2)
cfn=(256) strncmp
calls=1 0 
0 24
cob=(2)
cfi=(2)
cfn=(254) wmemchr
calls=2 0 
0 48
cob=(2)
cfi=(2)
cfn=(252) stpncpy
calls=1 0 
0 23
cob=(2)
cfi=(2)
cfn=(250) wcscmp
calls=1 0 
0 28
cob=(2)
cfi=(2)
cfn=(248) rindex
calls=1 0 
0 28
cob=(2)
cfi=(2)
cfn=(246) __memset_chk
calls=1 0 
0 26
cob=(2)
cfi=(2)
cfn=(244) index
calls=1 0 
0 23
cob=(2)
cfi=(2)
cfn=(242) wcschr
calls=2 0 
0 56
cob=(2)
cfi=(2)
cfn=(240) memcpy@@GLIBC_2.14
calls=1 0 
0 25
cob=(2)
cfi=(2)
cfn=(238) wcsncpy
calls=1 0 
0 21
cob=(2)
cfi=(2)
cfn=(236) memrchr
calls=1 0 
0 28
cob=(2)
cfi=(2)
cfn=(234) __memcpy_chk
calls=1 0 
0 25
cob=(2)
cfi=(2)
cfn=(232) __mempcpy_chk
calls=1 0 
0 25
cob=(2)
cfi=(2)
cfn=(230) wcslen
calls=1 0 
0 22
cob=(2)
cfi=(2)
cfn=(228) memset
calls=1 0 
0 26
cob=(2)
cfi=(2)
cfn=(226) wcsnlen
calls=1 0 
0 22
cob=(2)
cfi=(2)
cfn=(224) strcmp
calls=1 0 
0 22
cob=(2)
cfi=(2)
cfn=(222) strpbrk
calls=1 0 
0 8
cob=(2)
cfi=(2)
cfn=(220) strnlen
calls=2 0 
0 56
cob=(2)
cfi=(2)
cfn=(218) __x86_cacheinfo
calls=1 0 
0 32
0 1654
cob=(2)
cfi=(2)
cfn=(270)
calls=1 0 
0 28
cob=(3)
cfi=(3)
cfn=(310)
calls=1 0 
0 11
cob=(3)
cfi=(3)
cfn=(338)
calls=1 0 
0 11
cob=(3)
cfi=(3)
cfn=(308)
calls=1 0 
0 11
cob=(3)
cfi=(3)
cfn=(324)
calls=1 0 
0 11
cob=(3)
cfi=(3)
cfn=(362)
calls=1 0 
0 9
cob=(2)
cfi=(2)
cfn=(290)
calls=2 0 
0 50
cob=(2)
cfi=(2)
cfn=(240)
calls=2 0 
0 50
cob=(2)
cfi=(2)
cfn=(228)
calls=2 0 
0 52
cob=(2)
cfi=(2)
cfn=(280)
calls=2 0 
0 56
0 866
cfn=(212)
calls=6 0 
0 3490
0 214

fn=(302)
0 144
cfn=(304)
calls=6 0 
0 36
0 66

fn=(306)
0 102

ob=(5)
fl=(5)
fn=(430)
0 12

fn=(1386) 0x0000000000001050
0 5

fn=(1376)
0 9
cob=(4)
cfi=(4)
cfn=(1382) 0x00000000048e1030
calls=1 0 
0 88
0 1
cfn=(1386)
calls=1 0 
0 5
0 3

ob=(7)
fl=(7)
fn=(1352)
0 1
cfn=(1366)
calls=1 0 
0 5
0 3

fn=(488) 0x0000000000044d80
0 12

fl=(110)
fn=(1214)
217 1
+1 1
fi=(109)
2316 1
517 2
2316 2
fe=(110)
101 2
cfn=(1218) core::fmt::float::float_to_decimal_common_shortest::<f64>
calls=1 -39 
* 707

fn=(1218)
62 7
fi=(143) /rustc/b940084d7eb6a299eb4bfeb8e34901bc051e7ac4/library/core/src/num/f64.rs
1264 1
fi=(144) /rustc/b940084d7eb6a299eb4bfeb8e34901bc051e7ac4/library/core/src/ops/bit.rs
613 2
fi=(145) /rustc/b940084d7eb6a299eb4bfeb8e34901bc051e7ac4/library/core/src/num/imp/traits.rs
179 8
fi=(111) /rustc/b940084d7eb6a299eb4bfeb8e34901bc051e7ac4/library/core/src/num/imp/flt2dec/decoder.rs
71 2
fi=(143)
828 14
fi=(111)
72 5
+12 10
-84 2
fi=(112)
372 5
-53 2
0 1
319 2
+53 1
-53 11
fi=(113) /rustc/b940084d7eb6a299eb4bfeb8e34901bc051e7ac4/library/core/src/num/imp/flt2dec/strategy/grisu.rs
464 2
cfn=(1224) core::num::imp::flt2dec::strategy::grisu::format_shortest_opt
calls=1 167 
* 227
* 2
+1 5
fi=(112)
-60 2
+1 5
cfn=(1234)
calls=1 177 
* 26
* 1
+1 1
0 5
fe=(110)
84 1
cfi=(109)
cfn=(1236)
calls=1 1981 
* 351
+1 6

fl=(21)
fn=(718)
112 10
fi=(22) /rustc/b940084d7eb6a299eb4bfeb8e34901bc051e7ac4/library/std/src/sys/pal/unix/weak/syscall.rs
12 2
+1 1
cob=(2)
cfi=(2)
cfn=(722) gettid
calls=1 -13 
* 4
* 1
-1 1
fi=(23)
194 1
fi=(74)
558 1
fi=(23)
195 3
fi=(10)
3994 3
fi=(23)
221 2
0 1
221 2
fi=(24)
31 2
cob=(2)
cfi=(2)
cfn=(552)
calls=1 -31 
* 207
fi=(25)
2177 2
fi=(26) /rustc/b940084d7eb6a299eb4bfeb8e34901bc051e7ac4/library/alloc/src/boxed.rs
0 1
fi=(18)
573 1
fi=(105)
1163 1
fi=(18)
0 1
fe=(21)
116 1
cob=(2)
cfi=(2)
cfn=(736)
calls=1 0 
* 4
* 1
fi=(10)
4083 3
fi=(131)
32 1
fi=(10)
3994 2
fi=(27) /rustc/b940084d7eb6a299eb4bfeb8e34901bc051e7ac4/library/std/src/panicking.rs
465 4
0 1
fi=(10)
3994 2
762 4
fi=(146) /rustc/b940084d7eb6a299eb4bfeb8e34901bc051e7ac4/library/std/src/sync/poison.rs
0 4
fi=(10)
4083 2
fe=(21)
96 1
-96 2
fi=(147) /rustc/b940084d7eb6a299eb4bfeb8e34901bc051e7ac4/library/alloc/src/collections/btree/map.rs
1506 3
fi=(24)
31 2
cob=(2)
cfi=(2)
cfn=(552)
calls=1 -31 
* 199
fi=(26)
586 2
fi=(18)
1963 1
fi=(105)
1722 2
fi=(148) /rustc/b940084d7eb6a299eb4bfeb8e34901bc051e7ac4/library/alloc/src/collections/btree/node.rs
671 1
fi=(108)
-96 10
fi=(149) /rustc/b940084d7eb6a299eb4bfeb8e34901bc051e7ac4/library/alloc/src/collections/btree/map/entry.rs
471 1
0 3
fi=(10)
3979 1
762 1
fi=(18)
+85 9
fe=(21)
123 8

fl=(85) /rustc/b940084d7eb6a299eb4bfeb8e34901bc051e7ac4/library/core/src/../../stdarch/crates/core_arch/src/x86/xsave.rs
fn=(962) core::core_arch::x86::xsave::_xgetbv
90 4
+1 1

fl=(81)
fn=(952)
467 28088
fi=(10)
3994 14044
fi=(87)
24 14044
cfn=(966)
calls=14043 +31 
* 28086
cfi=(10)
cfn=(954)
calls=1 3994 
* 156
fe=(81)
470 28088

fl=(72)
fn=(890)
146 126
fi=(10)
3995 84
0 39
fe=(72)
149 26
+1 26
+1 39
+8 13
fi=(10)
4152 26
fe=(72)
160 13
+19 26
-2 65
+6 13
cfi=(107)
cfn=(1196)
calls=1 +43 
* 65
cfi=(73)
cfn=(936)
calls=6 +43 
* 1568430
cfi=(73)
cfn=(894)
calls=6 +43 
* 1246
-6 5
+6 1
cfi=(107)
cfn=(1316)
calls=1 -17 
* 127
fi=(74)
558 14
fi=(10)
4013 14
fe=(72)
62 28
210 112
-61 2
+1 3
+1 3
+8 1
fi=(10)
4152 2
fe=(72)
160 1
0 1
160 1

fl=(8)
fn=(486) std::sys::args::unix::imp::ARGV_INIT_ARRAY::init_wrapper
132 1
fi=(10)
3978 2
fe=(8)
133 1

fl=(121)
fn=(1274)
208 16
+15 2
fi=(33)
3101 2
fe=(121)
238 2
+22 2
0 4
fi=(33)
3101 1
fe=(121)
238 1
+22 1
+1 1
fi=(120)
544 3
0 1
90 1
fi=(150) /rustc/b940084d7eb6a299eb4bfeb8e34901bc051e7ac4/library/std/src/sys/fd/unix.rs
376 3
cob=(2)
cfi=(2)
cfn=(1278) write
calls=1 0 
* 57
fi=(13)
230 1
+10 1
fe=(121)
+23 3
+2 2
-32 3
fi=(10)
0 1
fe=(121)
260 1
0 1
244 2
fi=(33)
3101 1
fe=(121)
247 2
fi=(120)
1020 1
fe=(121)
251 1
fi=(20)
970 1
fi=(18)
664 3
cob=(2)
cfi=(2)
cfn=(632)
calls=1 0 
* 13
fi=(33)
1823 2
+5 1
fe=(121)
278 18

fl=(83)
fn=(958)
44 8
fi=(84) /rustc/b940084d7eb6a299eb4bfeb8e34901bc051e7ac4/library/core/src/../../stdarch/crates/core_arch/src/x86/cpuid.rs
+44 7
fe=(83)
-18 2
-70 4
fi=(84)
88 10
fe=(83)
-2 2
fi=(84)
+2 12
fi=(82)
+30 4
fe=(83)
0 1
fi=(84)
88 5
fe=(83)
+14 2
fi=(84)
-14 5
fi=(82)
+30 2
fe=(83)
0 1
108 19
+14 2
0 3
148 1
cfi=(85)
cfn=(962)
calls=1 -58 
* 5
* 2
+2 1
+6 1
-4 1
-44 5
+44 1
+20 1
0 1
191 6
0 2
191 4
+6 8

fl=(14)
fn=(702)
244 6
fi=(10)
3995 1
762 1
fe=(14)
245 1
+4 2
fi=(18)
735 4
fe=(14)
258 2
cob=(2)
cfi=(2)
cfn=(706) sigaltstack
calls=1 0 
* 6
+2 2
+44 2
cob=(2)
cfi=(2)
cfn=(708) getauxval
calls=1 0 
* 148
fi=(19)
1051 3
fi=(10)
3994 1
fe=(14)
223 1
-2 6
cob=(2)
cfi=(2)
cfn=(712) mmap
calls=1 0 
* 34
+8 2
0 1
232 4
cob=(2)
cfi=(2)
cfn=(714) mprotect
calls=1 0 
* 6
+1 2
fi=(20)
970 1
fe=(14)
263 4
+1 2
cob=(2)
cfi=(2)
cfn=(706)
calls=1 0 
* 6
+6 6

fl=(87)
fn=(966)
55 14044
+9 14044

fl=(28)
fn=(740)
206 3
cfi=(29)
cfn=(742)
calls=1 -44 
* 358687234
* 3

fl=(113)
fn=(1224)
167 8
+4 3
0 1
172 3
+1 3
fi=(11)
938 1
fi=(135)
478 1
fi=(11)
1092 3
fe=(113)
176 2
+1 3
+3 1
fi=(11)
-26 3
fi=(114) /rustc/b940084d7eb6a299eb4bfeb8e34901bc051e7ac4/library/core/src/num/imp/diy_float.rs
46 7
fi=(115) /rustc/b940084d7eb6a299eb4bfeb8e34901bc051e7ac4/library/core/src/macros/mod.rs
+1 2
fi=(114)
-1 7
fi=(115)
+1 2
-47 3
fe=(113)
198 2
-72 10
+1 3
fi=(114)
-93 1
fe=(113)
+93 3
fi=(11)
3363 4
fi=(114)
26 2
+1 1
fe=(113)
226 2
+4 1
+5 3
127 1
fi=(11)
3363 4
fi=(114)
26 2
fe=(113)
236 1
fi=(11)
3363 3
fi=(114)
26 1
fe=(113)
236 2
-89 4
+7 2
+2 2
+1 7
0 9
243 5
-14 3
+24 3
+2 1
+14 3
+2 4
0 3
268 2
+3 1
+3 3
-3 1
+3 2
+1 2
0 2
268 2
+3 1
+3 3
-3 1
+3 2
+1 2
0 1
292 2
-24 2
+30 4
-29 3
+2 5
+6 6
+7 1
+91 1
+1 3
+46 2
0 3
437 5
+12 2
0 2
449 7
+2 9

fl=(52) /home/leona/Code/github.com/sagan-software/bevy-raytraced-audio/src/scene2d.rs
fn=(806) <bevy_raytraced_audio::scene2d::AcousticScene2d>::clear
42 42
fi=(63)
3082 7
fi=(53)
534 7
fi=(103)
92 21
fi=(53)
534 7
fi=(103)
92 21
fe=(52)
-46 49
fi=(103)
+46 10
fi=(53)
535 5
fi=(65)
847 10
fe=(52)
44 20
fi=(42)
631 15
fe=(52)
44 5
fi=(24)
+21 5
cob=(2)
cfi=(2)
cfn=(654)
calls=5 -65 
* 651
-65 5
fi=(42)
631 10
fi=(24)
65 10
cob=(2)
cfi=(2)
cfn=(654)
calls=5 -65 
* 890
* 5
fi=(42)
631 10
fi=(24)
65 10
cob=(2)
cfi=(2)
cfn=(654)
calls=5 -65 
* 715
* 10
fi=(103)
+27 10
fi=(53)
535 5
fi=(65)
1755 5
fi=(53)
0 5
fi=(71)
4049 5
fi=(60)
2868 5
fe=(52)

fl=(42)
fn=(826) <alloc::raw_vec::RawVec<bevy_raytraced_audio::triangle3d::Triangle3d>>::grow_one
186 28
493 7
+30 7
fi=(66)
1051 21
fe=(42)
529 42
cfn=(828) <alloc::raw_vec::RawVecInner>::finish_grow
calls=7 +15 
* 1386
fi=(59)
2177 14
+1 7
fe=(42)
773 7
+1 7
189 28

fn=(910)
658 138
fi=(47)
938 46
fi=(61)
478 46
0 138
fe=(42)
523 92
fi=(66)
1051 230
fe=(42)
529 46
0 46
529 138
cfn=(828)
calls=46 +15 
* 21194
fi=(59)
2177 92
+1 46
fe=(42)
773 46
+1 46
668 184

fn=(828)
544 801
fi=(47)
3212 356
0 356
fi=(61)
478 267
0 89
fe=(42)
631 178
fi=(62) /nix/store/gdmwxvljfzg4170cywp01acax62izwpf-rust-default-1.99.0/lib/rustlib/src/rust/library/alloc/src/alloc.rs
228 72
fi=(24)
70 72
fi=(62)
298 34
130 17
fi=(24)
30 17
+41 216
cob=(2)
cfi=(2)
cfn=(626) realloc
calls=72 -71 
* 29892
fi=(59)
965 144
+1 178
0 178
fi=(24)
31 34
cob=(2)
cfi=(2)
cfn=(552)
calls=17 -31 
* 3698
fi=(59)
965 34
fe=(42)
0 178
564 712

fn=(1024)
186 144
493 36
+30 36
fi=(66)
1051 108
fe=(42)
529 216
cfn=(828)
calls=36 +15 
* 14943
fi=(59)
2177 72
+1 36
fe=(42)
773 36
+1 36
189 144

fl=(93)
fn=(998)
93 936
+11 312
fi=(76)
970 156
fi=(65)
573 1248
+91 1248
-91 1248
fi=(76)
970 156
fi=(65)
1755 1248
0 156
fi=(76)
970 312
fe=(93)
0 624
312 1092
fi=(57)
1264 10596
1547 21192
+1 21192
fi=(66)
669 15894
410 5298
669 5298
410 5298
669 5298
0 5298
fi=(76)
970 5298
fi=(65)
664 42384
-91 42384
fe=(93)
288 10596
0 5298
312 21192
0 5298
fi=(89)
205 19392
+2 1476
0 1476
207 1476
+1 900
0 13488
fi=(57)
1651 5844
1199 5844
fi=(89)
0 4752
fi=(57)
1651 4752
1199 4752
0 10596
1199 10596
+2 15894
fi=(89)
205 10596
0 5844
205 7674
0 8604
fi=(57)
1651 2952
1199 2952
fi=(89)
0 7644
fi=(57)
1651 7644
1199 7644
0 10596
1199 10596
+2 15894
0 5298
fi=(89)
205 156
0 156
205 156
fi=(57)
1264 312
1547 624
+1 624
fe=(93)
325 156
fi=(66)
669 936
410 156
669 156
410 156
669 156
fi=(76)
970 156
fi=(65)
664 1248
-91 1248
fe=(93)
288 312
fi=(76)
970 156
fe=(93)
325 312
+5 156
-5 156
+1 312
fi=(89)
205 468
fe=(93)
325 48
fi=(89)
207 240
0 156
205 78
fe=(93)
325 30
fi=(89)
208 120
0 60
fi=(57)
1651 60
1199 60
fi=(89)
0 252
fi=(57)
1651 252
1199 252
0 312
1199 312
+2 468
fi=(89)
205 312
0 156
205 234
0 282
fi=(57)
1651 96
1199 96
fi=(89)
0 216
fi=(57)
1651 216
1199 216
0 312
1199 312
+2 468
0 156
fe=(93)
126 312
fi=(76)
970 156
fi=(65)
573 1248
+91 1248
-91 1248
fe=(93)
137 1092

fl=(51)
fn=(1056)
163 41760
+1 8352
fi=(96)
+20 16704
fe=(51)
-19 16704
510 8352
+1 16704
fi=(57)
1118 16704
-27 8352
0 33408
1118 16704
-27 8352
0 41760
1118 16704
-27 8352
0 16704
fi=(89)
195 16704
fe=(51)
0 57408
513 7176
fi=(89)
195 25728
fe=(51)
0 33216
513 4152
fi=(89)
195 13536
fe=(51)
0 8640
513 1080
fi=(89)
195 2160
fe=(51)
-16 8352
fi=(151) /home/leona/Code/github.com/sagan-software/bevy-raytraced-audio/src/band_gain.rs
7 41760
fe=(51)
180 50112

fn=(928)
141 8448
262 768
fi=(71)
3995 768
fi=(103)
87 768
fi=(53)
+98 768
fe=(51)
-37 768
+1 2304
fi=(63)
462 2304
fe=(51)
151 3072
fi=(98)
29 1536
+2 1536
+28 6144
fi=(57)
1264 768
fe=(51)
0 768
fi=(57)
828 3840
0 768
828 768
2122 2304
fe=(51)
151 1536
fi=(57)
1006 3840
fi=(89)
585 3072
fi=(57)
1118 7680
-27 768
0 1536
1118 1536
-27 2304
+27 3840
fi=(89)
118 1536
fi=(57)
1091 1536
fi=(89)
118 1536
fe=(51)
+45 7680
fi=(89)
365 1536
+3 1536
+1 4608
0 768
389 2304
fi=(96)
184 1536
0 1536
fi=(42)
611 768
fi=(96)
186 768
fi=(89)
395 4608
132 13056
fi=(64)
-1 6144
fi=(89)
+21 9216
0 2304
fi=(65)
1755 6912
fi=(57)
725 2304
fi=(65)
1755 4608
fi=(57)
725 2304
fi=(89)
152 2304
+7 4608
+1 4608
+3 2304
0 2304
163 2304
0 1152
168 1152
0 5760
171 1152
+3 4608
-6 1152
0 5760
171 1152
+3 4608
0 2304
398 1536
cfn=(1046)
calls=768 +8 
* 3859128
fe=(51)
183 1536
fi=(42)
631 768
fe=(51)
183 3072
fi=(42)
631 768
fe=(51)
184 6144
fi=(53)
439 18
cfi=(71)
cfn=(932)
calls=6 3995 
* 1568838
* 6
fe=(51)

fn=(822) <bevy_raytraced_audio::scene3d::AcousticScene3d>::add_triangle
35 5880
fi=(63)
1029 980
+3 1960
fi=(42)
611 980
fi=(76)
970 2940
fi=(65)
1963 9800
fi=(63)
1038 1960
fi=(53)
534 980
fi=(103)
92 2940
fi=(53)
534 980
fi=(103)
92 2940
fe=(51)
-53 6860
fi=(60)
-39 14
fi=(63)
1033 7
cfi=(42)
cfn=(826)
calls=7 186 
* 1554
0 21
fe=(51)

fl=(44)
fn=(870)
228 18
+1 12
+1 24
fi=(56)
72 6
fe=(44)
231 6
+1 24
cfn=(804) acoustic_performance::scene3
calls=6 80 
* 120423
fi=(42)
611 6
fi=(63)
1904 6
0 6
fi=(78)
1663 6
fi=(46)
180 6
0 54
fi=(56)
72 24
fe=(44)
235 12
fi=(56)
+68 24
fi=(59)
1182 12
fi=(56)
72 3048
fe=(44)
235 1524
fi=(56)
+68 3048
fi=(59)
1182 1524
0 1536
fi=(56)
72 1536
fe=(44)
237 2304
fi=(55) /nix/store/gdmwxvljfzg4170cywp01acax62izwpf-rust-default-1.99.0/lib/rustlib/src/rust/library/core/src/num/f32.rs
750 4608
fi=(54) /home/leona/Code/github.com/sagan-software/bevy-raytraced-audio/src/point3.rs
23 2304
fe=(44)
234 2304
fi=(78)
1663 1536
fi=(133)
82 768
fi=(78)
1663 768
fi=(46)
180 774
fe=(44)
+61 6
fi=(152) /home/leona/Code/github.com/sagan-software/bevy-raytraced-audio/src/listener3d.rs
16 18
fi=(102)
491 18
fe=(44)
244 36
-3 12
0 12
241 12
cfi=(69)
cfn=(882)
calls=6 -25 
* 358504162
fi=(102)
491 12
fi=(69)
129 6
fi=(63)
1865 6
fi=(78)
1663 6
fi=(46)
25 6
fe=(44)
-25 6
fi=(46)
279 48
0 6
274 6
fi=(56)
72 6
fi=(46)
274 6
fi=(142)
166 6
fi=(56)
-94 12
fi=(142)
+94 6
fi=(46)
274 6
fi=(56)
72 12
fi=(142)
+94 6
fi=(46)
274 6
fi=(56)
72 6
fi=(142)
+94 6
fi=(47)
1013 6
fi=(46)
279 18
-5 186
fi=(56)
72 186
fi=(46)
274 186
fi=(142)
166 186
fi=(56)
-94 372
fi=(142)
+94 186
fi=(46)
274 186
fi=(56)
72 372
fi=(142)
+94 186
fi=(46)
274 186
fi=(56)
72 186
fi=(142)
+94 186
fi=(47)
1013 186
fi=(46)
279 570
fi=(56)
72 6
fe=(44)
248 6
+6 18

fn=(786)
162 10
fi=(45) /nix/store/gdmwxvljfzg4170cywp01acax62izwpf-rust-default-1.99.0/lib/rustlib/src/rust/library/core/src/slice/cmp.rs
21 3
-21 2
21 3
157 5
fi=(46)
327 1
fi=(45)
157 5
fi=(46)
327 1
0 3
fi=(48) /nix/store/gdmwxvljfzg4170cywp01acax62izwpf-rust-default-1.99.0/lib/rustlib/src/rust/library/core/src/slice/memchr.rs
28 7
fi=(47)
1096 2
fi=(96)
90 1
fi=(48)
-62 2
+13 2
-41 2
42 12
+4 5
-5 10
fi=(49) /nix/store/gdmwxvljfzg4170cywp01acax62izwpf-rust-default-1.99.0/lib/rustlib/src/rust/library/core/src/str/pattern.rs
459 2
+1 3
fi=(45)
157 1
fi=(49)
463 1
0 1
fi=(47)
1092 1
0 3
1096 2
fi=(96)
90 1
fi=(48)
-62 2
+13 2
-41 2
42 6
+4 2
-5 4
fi=(49)
459 2
+1 3
fi=(45)
157 1
fi=(49)
463 1
0 1
fi=(47)
1092 1
fi=(50) /nix/store/gdmwxvljfzg4170cywp01acax62izwpf-rust-default-1.99.0/lib/rustlib/src/rust/library/core/src/str/iter.rs
0 6
fi=(45)
21 2
-21 1
21 2
-21 1
fi=(47)
1096 2
0 1
fi=(96)
90 1
fi=(48)
-62 2
+13 2
-41 2
42 6
+4 3
-5 7
fi=(45)
157 5
fe=(44)
+11 1
0 2
fi=(45)
21 6
fi=(68)
2327 2
cfi=(44)
cfn=(870)
calls=1 228 
* 59948058
fi=(102)
491 2
fe=(44)
324 10
fi=(43)
1788 1
0 1
1788 6
0 1
1574 1
1819 2
-18 6
0 1
1821 1
fi=(47)
2689 1
fi=(141)
427 1
fi=(43)
1801 1
+20 2
fi=(47)
2689 2
fi=(141)
427 2
fi=(43)
1801 2
+19 3
+2 6
-3 10
fi=(45)
0 2
fe=(44)
172 3
fi=(45)
21 2
157 1
fe=(44)
+23 1
fi=(51)
18 6
fe=(44)
217 3
cfn=(804)
calls=1 80 
* 21263
fi=(47)
3212 2
fi=(61)
478 3
fi=(42)
-17 2
0 1
fi=(24)
31 2
cob=(2)
cfi=(2)
cfn=(552)
calls=1 -31 
* 405
* 1
-31 1
fi=(42)
470 2
fi=(66)
2144 1
fi=(67)
1100 1
fi=(59)
+82 6
0 1
fi=(56)
72 4
fe=(44)
221 2
fi=(56)
+82 4
fi=(59)
1182 2
fi=(56)
72 508
fe=(44)
221 254
fi=(56)
+82 508
fi=(59)
1182 254
0 128
fi=(56)
72 256
fe=(44)
223 384
fi=(55)
750 768
fi=(54)
23 384
-23 128
fi=(65)
1963 384
fi=(66)
2144 384
fi=(67)
1100 128
fe=(44)
228 7
cob=(2)
cfi=(2)
cfn=(632)
calls=1 0 
* 30
* 31
fi=(24)
31 2
cob=(2)
cfi=(2)
cfn=(552)
calls=1 -31 
* 199
fi=(68)
251 2
0 2
293 3
cob=(2)
cfi=(2)
cfn=(632)
calls=1 0 
* 77
* 1
fe=(44)
180 1

fn=(804)
80 77
+1 7
cfi=(52)
cfn=(806)
calls=7 -39 
* 2575
+1 252
-82 7
fi=(65)
1755 35
fi=(55)
750 63
fi=(54)
23 7
fi=(65)
1755 175
fi=(55)
750 315
fi=(54)
23 203
fi=(55)
1671 126
750 588
fi=(54)
23 210
-23 126
fi=(55)
1671 42
750 420
fi=(54)
23 210
fi=(56)
+49 588
fi=(98)
-42 42
+1 42
fi=(56)
+41 168
fi=(98)
-43 126
+1 42
+41 126
-1 252
+1 84
-12 336
fi=(57)
1264 42
828 252
0 252
828 42
2122 42
0 42
fi=(58) /home/leona/Code/github.com/sagan-software/bevy-raytraced-audio/src/triangle3d.rs
31 126
fi=(59)
1183 504
fe=(44)
121 126
cfi=(51)
cfn=(822)
calls=42 -86 
* 2400
* 168
fi=(55)
1671 126
750 588
fi=(54)
23 210
fi=(56)
+49 168
fi=(98)
-41 42
-1 42
-30 42
69 252
+2 210
-12 336
fi=(57)
1264 42
828 210
2122 126
fi=(58)
31 126
-31 42
fi=(59)
1183 420
fe=(44)
121 126
cfi=(51)
cfn=(822)
calls=42 -86 
* 1680
fi=(64)
+10 126
fi=(66)
2144 7
fi=(67)
1100 7
0 42
fi=(56)
72 28
fe=(44)
+56 14
fi=(56)
303 35
fi=(59)
1182 14
fi=(56)
72 3556
fe=(44)
+56 1778
fi=(56)
303 4445
fi=(59)
1182 1778
0 1792
fi=(56)
72 1792
fe=(44)
+57 2688
fi=(55)
750 5376
fi=(54)
23 2688
fe=(44)
132 2688
0 1792
fi=(54)
23 896
fi=(56)
+49 3584
fi=(98)
-43 896
+2 1792
+39 1792
-70 896
69 896
+1 1792
-1 1792
+1 896
+1 3584
-12 7168
fi=(57)
1264 896
828 4480
2122 2688
fi=(58)
31 2688
-31 896
fi=(59)
1183 13440
fe=(44)
130 2688
cfi=(51)
cfn=(822)
calls=896 -95 
* 36716
fi=(66)
2144 3584
fi=(67)
1100 896
fe=(44)
138 56

fl=(99)
fn=(1130)
456 30
fi=(66)
1051 12
fi=(56)
72 6
fe=(99)
459 6
-1 6
fi=(56)
72 6
fe=(99)
458 12
0 6
fi=(57)
1596 12
fe=(99)
459 12
0 18
fi=(56)
72 18
fe=(99)
467 6
fi=(56)
72 12
fe=(99)
467 6
fi=(57)
1596 6
0 6
fe=(99)
468 12
+5 12
0 6
475 6
0 12
478 6
0 6
483 18
0 6
481 6
0 6
477 18
fi=(57)
1593 12
+3 12
0 12
fi=(80)
474 6
cob=(3)
cfi=(3)
cfn=(1132) log@@GLIBC_2.29
calls=6 0 
* 354
0 12
474 12
cob=(3)
cfi=(3)
cfn=(1132)
calls=6 0 
* 354
* 12
fe=(99)
+4 24
fi=(57)
1593 12
+3 6
fe=(99)
468 30
0 6
468 6
0 60
483 18
0 6
483 6
0 18
488 6
fi=(57)
1593 12
0 6
fe=(99)
492 12
fi=(57)
1593 24
+3 12
fe=(99)
493 6
fi=(57)
2122 6
1596 24
fe=(99)
43 6
-43 12
fi=(57)
1593 6
0 6
1596 6
fi=(80)
474 6
cob=(3)
cfi=(3)
cfn=(1132)
calls=6 0 
* 354
fe=(99)
+4 18
0 6
fi=(57)
1593 6
0 12
fe=(99)
506 6
0 6
fi=(57)
1593 6
0 6
1596 6
2122 12
fe=(99)
506 6
fi=(57)
1596 6
fe=(99)
43 18
497 18
43 18
497 24
43 6
-43 18
510 30

fn=(1144)
634 3840
fi=(66)
1051 1536
fe=(99)
635 768
+1 3072
fi=(56)
72 1536
fe=(99)
642 1536
0 768
fi=(57)
1593 768
0 768
1596 768
fe=(99)
43 2304
643 3072
fi=(57)
1593 2304
+3 1536
fe=(99)
43 3840
fi=(55)
750 6912
0 1536
fi=(100) /home/leona/Code/github.com/sagan-software/bevy-raytraced-audio/src/geometry_error.rs
45 2304
-45 1536
45 6144
-45 1536
fi=(59)
1598 768
0 768
fi=(56)
72 2304
fe=(99)
635 768
43 768
647 768
fi=(55)
1613 768
0 768
1616 1536
0 768
fe=(99)
316 2304
0 1536
fi=(55)
1613 768
0 768
1616 768
2142 1536
fe=(99)
276 768
0 768
321 1536
0 768
fi=(101) /nix/store/gdmwxvljfzg4170cywp01acax62izwpf-rust-default-1.99.0/lib/rustlib/src/rust/library/std/src/num/f32.rs
678 1536
cob=(3)
cfi=(3)
cfn=(1152) hypotf@@GLIBC_2.35
calls=768 0 
* 17664
0 2304
678 768
cob=(3)
cfi=(3)
cfn=(1152)
calls=768 0 
* 17664
fe=(99)
321 9216
fi=(55)
1118 1536
fe=(99)
321 768
648 3840

ob=(3)
fl=(3)
fn=(312)
0 11

fn=(314)
0 11

fn=(1136) __ieee754_log_fma
0 936

fn=(362)
0 18

fn=(1072)
0 263148

fn=(322)
0 11

fn=(330)
0 11

fn=(354)
0 8

fn=(360)
0 7

fn=(1152)
0 35328

fn=(1426) 0x0000000000011570
0 5

fn=(320)
0 11

fn=(328)
0 11

fn=(338)
0 22

fn=(342)
0 8

fn=(346)
0 11

fn=(1132)
0 90
cob=(4)
cfi=(4)
cfn=(1134) 0x0000000004923420
calls=18 0 
0 972

fn=(1140)
0 360

fn=(310)
0 22

fn=(356)
0 11

fn=(336)
0 9

fn=(308)
0 33

fn=(352)
0 11

fn=(358)
0 11

fn=(318)
0 11

fn=(324)
0 22

fn=(326)
0 9

fn=(332)
0 11

fn=(344)
0 9

ob=(6)
fl=(6)
fn=(1408) 0x0000000000005a00
0 5

fn=(1396) btree_destroy
0 30

fn=(462)
0 361

fn=(1394)
0 4
cfn=(1396)
calls=1 0 
0 15
0 2
cfn=(1396)
calls=1 0 
0 15
0 3

fn=(464)
0 12

fn=(1398)
0 9
cob=(4)
cfi=(4)
cfn=(1404) 0x00000000048e93b0
calls=1 0 
0 89

ob=(3)
fl=(3)
fn=(350)
0 11

fn=(452)
0 12

fn=(1416)
0 9
cob=(4)
cfi=(4)
cfn=(1422) 0x00000000049232a0
calls=1 0 
0 89
0 1
cfn=(1426)
calls=1 0 
0 5
0 3

fn=(316)
0 11

fn=(334)
0 11

fn=(340)
0 5

ob=(6)
fl=(6)
fn=(1398)
0 1
cfn=(1408)
calls=1 0 
0 5
0 3

ob=(3)
fl=(3)
fn=(340)
0 2

fn=(348)
0 11

ob=(4)
fl=(4)
fn=(592) 0x0000000004a326b0
0 2
cob=(2)
cfi=(2)
cfn=(594) __strchr_avx2
calls=1 0 
0 21

fn=(682) 0x0000000004a32770
0 4
cob=(2)
cfi=(2)
cfn=(684)
calls=2 0 
0 37

fn=(1392)
0 4

fn=(1432)
0 4

fn=(458)
0 7

fn=(482) 0x000000000409c9d8
0 7

fn=(1404)
0 2
cob=(2)
cfi=(2)
cfn=(1360)
calls=1 0 
0 87

fn=(440) 0x0000000004a32690
0 2
cob=(2)
cfi=(2)
cfn=(442) __strrchr_avx2
calls=1 0 
0 29

fn=(630) 0x0000000004a326e0
0 188
cob=(2)
cfi=(2)
cfn=(632)
calls=94 0 
0 3606

fn=(398) 0x0000000004a32750
0 40
cob=(1)
cfi=(1)
cfn=(16)
calls=20 0 
0 489

fn=(1382)
0 1
cob=(2)
cfi=(2)
cfn=(1360)
calls=1 0 
0 87

fn=(1422)
0 2
cob=(2)
cfi=(2)
cfn=(1360)
calls=1 0 
0 87

fn=(448)
0 7

fn=(640) 0x0000000004a32510
0 90
cob=(2)
cfi=(2)
cfn=(642)
calls=45 0 
0 1671

fn=(652) 0x0000000004a323f0
0 12
cob=(2)
cfi=(2)
cfn=(654)
calls=6 0 
0 258

fn=(1134)
0 36
cob=(3)
cfi=(3)
cfn=(1136)
calls=18 0 
0 936

fn=(426)
0 7

fn=(494) 0x0000000004a327d0
0 2
cob=(1)
cfi=(1)
cfn=(496)
calls=1 0 
0 11

fn=(624) 0x0000000004a32420
0 6
cob=(2)
cfi=(2)
cfn=(626)
calls=3 0 
0 857

fn=(690) 0x0000000004a32460
0 2
cob=(2)
cfi=(2)
cfn=(692) calloc
calls=1 0 
0 268

fn=(1372)
0 4

fn=(1414)
0 4

fn=(550) 0x0000000004a32400
0 6
cob=(2)
cfi=(2)
cfn=(552)
calls=3 0 
0 1195

fn=(620) 0x0000000004a32490
0 100
cob=(2)
cfi=(2)
cfn=(622) __memchr_avx2
calls=50 0 
0 2395

ob=(2)
fl=(2)
fn=(478) __internal_atexit
0 19
cfn=(480) __new_exitfn
calls=1 0 
0 38
0 25

fn=(390)
0 9
cfn=(392) __ctype_init
calls=1 0 
0 22
0 7
cfn=(394) getrlimit
calls=1 0 
0 16
0 29
cfn=(396) __pthread_tunables_init
calls=1 0 
0 109
0 2
cfn=(400) __getrandom_early_init
calls=1 0 
0 24
0 1
cfn=(402) __lll_elision_init
calls=1 0 
0 176
0 6
cfn=(404) __ptmalloc_init
calls=1 0 
0 1199

fn=(540)
0 3

fn=(542)
0 15
cfn=(544) pthread_attr_init@@GLIBC_2.2.5
calls=1 0 
0 29
0 53
cob=(4)
cfi=(4)
cfn=(624)
calls=1 0 
0 236
0 7
cfn=(680) pthread_getaffinity_np@@GLIBC_2.32
calls=1 0 
0 40
0 13
cfn=(686) pthread_attr_setaffinity_np@@GLIBC_2.32
calls=1 0 
0 582
0 3
cob=(4)
cfi=(4)
cfn=(652)
calls=1 0 
0 45
0 12
cfn=(546) fopen@@GLIBC_2.2.5
calls=1 0 
0 1328
0 8
cfn=(394)
calls=1 0 
0 16
0 7
cfn=(656) fclose@@GLIBC_2.2.5
calls=1 0 
0 537
0 294
cfn=(636) __isoc23_sscanf
calls=45 0 
0 88088
0 717
cfn=(596) getline
calls=45 0 
0 9726
0 94
cob=(4)
cfi=(4)
cfn=(652)
calls=1 0 
0 45
0 24

fn=(556) tcache_init.part.0
0 4
cfn=(558) __libc_malloc2
calls=1 0 
0 433
0 142

fn=(562) sysmalloc
0 102
cfn=(564) __glibc_morecore
calls=1 0 
0 74
0 36
cfn=(564)
calls=1 0 
0 30
0 26

fn=(568) brk
0 26

fn=(580) __libc_cleanup_push_defer
0 833

fn=(600) __underflow
0 175
cfn=(602) _IO_file_underflow@@GLIBC_2.2.5
calls=6 0 
0 917
0 22

fn=(612) _IO_setb
0 1182
cob=(4)
cfi=(4)
cfn=(652)
calls=1 0 
0 45
0 6

fn=(618) __read_nocancel
0 66

fn=(654)
0 1397
cfn=(634) _int_free_chunk
calls=29 0 
0 3845

fn=(674) __close_nocancel
0 10

fn=(700)
0 10
cob=(4)
cfi=(4)
cfn=(652)
calls=1 0 
0 45
0 3
cob=(4)
cfi=(4)
cfn=(652)
calls=1 0 
0 45
0 5

fn=(1032) _int_free_create_chunk
0 1750
cfn=(1028) unlink_chunk.isra.0
calls=8 0 
0 190
0 427

fn=(218)
0 32

fn=(232)
0 25

fn=(250)
0 28

fn=(254)
0 48

fn=(260)
0 8

fn=(476) __cxa_atexit
0 3
cfn=(478)
calls=1 0 
0 82

fn=(394)
0 32

fn=(404)
0 19
cfn=(406) __popcountdi2
calls=1 0 
0 21
0 781
cob=(4)
cfi=(4)
cfn=(398)
calls=1 0 
0 26
0 4
cob=(4)
cfi=(4)
cfn=(398)
calls=1 0 
0 27
0 4
cob=(4)
cfi=(4)
cfn=(398)
calls=1 0 
0 26
0 4
cob=(4)
cfi=(4)
cfn=(398)
calls=1 0 
0 26
0 4
cob=(4)
cfi=(4)
cfn=(398)
calls=1 0 
0 27
0 4
cob=(4)
cfi=(4)
cfn=(398)
calls=1 0 
0 26
0 4
cob=(4)
cfi=(4)
cfn=(398)
calls=1 0 
0 26
0 4
cob=(4)
cfi=(4)
cfn=(398)
calls=1 0 
0 26
0 4
cob=(4)
cfi=(4)
cfn=(398)
calls=1 0 
0 26
0 4
cob=(4)
cfi=(4)
cfn=(398)
calls=1 0 
0 26
0 4
cob=(4)
cfi=(4)
cfn=(398)
calls=1 0 
0 26
0 4
cob=(4)
cfi=(4)
cfn=(398)
calls=1 0 
0 26
0 20

fn=(446)
0 24

fn=(498) (below main)
0 10
cfn=(500) _setjmp
calls=1 0 
0 34
0 14
cob=(7)
cfi=(7)
cfn=(506)
calls=1 0 
0 358791030
0 2
cfn=(1336) exit
calls=1 0 
0 2202

fn=(504) __sigjmp_save
0 10

fn=(544)
0 12
cfn=(538) getpagesize
calls=1 0 
0 10
0 7

fn=(570) alloc_perturb
0 531

fn=(578) _IO_link_in
0 52
cfn=(580)
calls=1 0 
0 17
0 38
cfn=(582) __libc_cleanup_pop_restore
calls=1 0 
0 14
0 16

fn=(636)
0 1125
cfn=(572) _IO_no_init
calls=45 0 
0 2655
0 315
cfn=(638) _IO_str_init_static_internal
calls=45 0 
0 4821
0 495
cfn=(644) __vfscanf_internal
calls=45 0 
0 78002
0 675

fn=(706)
0 12

fn=(722)
0 4

fn=(736)
0 8

fn=(1362) __unregister_atfork
0 96

fn=(222)
0 8

fn=(228)
0 78

fn=(230)
0 22

fn=(236)
0 28

fn=(248)
0 28

fn=(288)
0 21

fn=(290)
0 75

fn=(396)
0 11
cob=(4)
cfi=(4)
cfn=(398)
calls=1 0 
0 27
0 4
cob=(4)
cfi=(4)
cfn=(398)
calls=1 0 
0 26
0 4
cob=(4)
cfi=(4)
cfn=(398)
calls=1 0 
0 27
0 10

fn=(532) __libc_sigaction
0 314

fn=(546)
0 3
cfn=(548) __fopen_internal
calls=1 0 
0 1325

fn=(572)
0 552
cfn=(574) _IO_old_init
calls=46 0 
0 1336
0 835

fn=(632)
0 3830

fn=(634)
0 2020
cfn=(1030) _int_free_merge_chunk
calls=59 0 
0 6372
0 1113

fn=(660) __GI__IO_un_link.part.0
0 13
cfn=(580)
calls=1 0 
0 17
0 36
cfn=(582)
calls=1 0 
0 14
0 15

fn=(694) __libc_calloc2
0 17
cfn=(560) _int_malloc
calls=1 0 
0 155
0 39
cob=(4)
cfi=(4)
cfn=(682)
calls=1 0 
0 28

fn=(714)
0 6

fn=(1030)
0 1949
cfn=(1028)
calls=27 0 
0 645
0 162
cfn=(1032)
calls=27 0 
0 1000
0 128
cfn=(1032)
calls=32 0 
0 1367
0 1121

fn=(1434) _IO_cleanup
0 12
cfn=(1436) _IO_flush_all
calls=1 0 
0 216
0 6
cfn=(580)
calls=1 0 
0 17
0 128
cfn=(582)
calls=1 0 
0 14
0 29

fn=(224)
0 22

fn=(226)
0 22

fn=(240)
0 75

fn=(286)
0 25

fn=(474)
0 19
cfn=(476)
calls=1 0 
0 85
0 12
cob=(4)
cfi=(4)
cfn=(494)
calls=1 0 
0 13
0 6
cfn=(498)
calls=1 0 
0 358793292
0 11
cob=(4)
cfi=(4)
cfn=(482)
calls=1 0 
0 7
0 22
cob=(7)
cfi=(7)
cfn=(488)
calls=1 0 
0 12
0 4
cob=(7)
cfi=(8)
cfn=(486)
calls=1 132 
0 4
0 7

fn=(518) __syscall_cancel
0 12
cfn=(520) __internal_syscall_cancel
calls=2 0 
0 42
0 24

fn=(538)
0 20

fn=(584) _IO_file_fopen@@GLIBC_2.2.5
0 84
cfn=(586) _IO_file_open
calls=1 0 
0 97
0 6
cfn=(590) __GI_strstr
calls=1 0 
0 64
0 30

fn=(590)
0 20
cob=(4)
cfi=(4)
cfn=(592)
calls=1 0 
0 23
0 21

fn=(596)
0 180
cfn=(598) getdelim
calls=45 0 
0 9546

fn=(604) _IO_doallocbuf
0 19
cfn=(606) _IO_file_doallocate
calls=1 0 
0 288
0 9

fn=(606)
0 21
cfn=(608) _IO_file_stat
calls=1 0 
0 14
0 12
cob=(4)
cfi=(4)
cfn=(550)
calls=1 0 
0 196
0 7
cfn=(612)
calls=1 0 
0 25
0 13

fn=(628) _int_realloc
0 3021
cfn=(560)
calls=43 0 
0 10571
0 817
cob=(4)
cfi=(4)
cfn=(630)
calls=43 0 
0 2484
0 258
cfn=(634)
calls=43 0 
0 5360
0 637
cfn=(634)
calls=6 0 
0 300
0 96
cfn=(1028)
calls=6 0 
0 156
0 522

fn=(644)
0 2295
cfn=(580)
calls=45 0 
0 765
0 7515
cfn=(582)
calls=45 0 
0 630
0 5715
cfn=(646) _IO_sputbackc
calls=90 0 
0 2430
0 29206
cfn=(646)
calls=90 0 
0 2430
0 1950
cfn=(648) __strtoul_internal
calls=90 0 
0 23896
0 1170

fn=(648)
0 450
cfn=(650) ____strtoul_l_internal
calls=90 0 
0 23446

fn=(662) _IO_file_close_it@@GLIBC_2.2.5
0 34
cfn=(664) _IO_file_seekoff@@GLIBC_2.2.5
calls=1 0 
0 76
0 13
cfn=(666) _IO_file_seek
calls=1 0 
0 14
0 6
cfn=(670) _IO_unsave_markers
calls=1 0 
0 9
0 10
cfn=(672) _IO_file_close
calls=1 0 
0 13
0 9
cfn=(612)
calls=1 0 
0 83
0 6
cfn=(658) _IO_un_link
calls=1 0 
0 5
0 19

fn=(668) lseek
0 22

fn=(670)
0 9

fn=(278)
0 21

fn=(280)
0 84

fn=(284)
0 28

fn=(292)
0 24

fn=(294)
0 8

fn=(480)
0 38

fn=(438) __init_misc
0 14
cob=(4)
cfi=(4)
cfn=(440)
calls=1 0 
0 31
0 17

fn=(444)
0 14

fn=(536)
0 49
cfn=(538)
calls=1 0 
0 10
0 4

fn=(552)
0 1151
cfn=(558)
calls=39 0 
0 9410
0 1
cfn=(554) tcache_malloc_init
calls=1 0 
0 775

fn=(554)
0 11
cfn=(556)
calls=1 0 
0 579
0 3
cfn=(558)
calls=1 0 
0 182

fn=(558)
0 820
cfn=(560)
calls=41 0 
0 8918
0 287

fn=(574)
0 1336

fn=(588) __open_nocancel
0 33

fn=(608)
0 3
cfn=(610) fstat
calls=1 0 
0 11

fn=(622)
0 2395

fn=(656)
0 19
cfn=(676) _IO_file_finish@@GLIBC_2.2.5
calls=1 0 
0 27
0 15
cob=(4)
cfi=(4)
cfn=(652)
calls=1 0 
0 45
0 12
cfn=(658)
calls=1 0 
0 99
0 19
cfn=(662)
calls=1 0 
0 297
0 4

fn=(658)
0 9
cfn=(660)
calls=1 0 
0 95

fn=(686)
0 21
cfn=(688) __pthread_attr_extension
calls=1 0 
0 290
0 9
cob=(4)
cfi=(4)
cfn=(624)
calls=1 0 
0 236
0 11
cob=(4)
cfi=(4)
cfn=(630)
calls=1 0 
0 14
0 1

fn=(856) malloc_consolidate
0 1232
cfn=(1028)
calls=4 0 
0 122
0 774
cfn=(1028)
calls=6 0 
0 138
0 18

fn=(1028)
0 1946

fn=(1346)
0 3
cfn=(1348) __pthread_mutex_unlock_usercnt
calls=1 0 
0 37

fn=(274)
0 21

fn=(276)
0 24

fn=(300)
0 24

fn=(400)
0 24

fn=(500)
0 3
cfn=(502) __sigsetjmp
calls=1 0 
0 31

fn=(502)
0 21
cfn=(504)
calls=1 0 
0 10

fn=(586)
0 29
cfn=(578)
calls=1 0 
0 21
0 12
cfn=(588)
calls=1 0 
0 33
0 2

fn=(602)
0 136
cfn=(614) _IO_switch_to_get_mode
calls=6 0 
0 156
0 96
cfn=(616) _IO_file_read
calls=6 0 
0 96
0 113
cfn=(604)
calls=1 0 
0 316
0 4

fn=(664)
0 52
cfn=(666)
calls=1 0 
0 14
0 10

fn=(672)
0 3
cfn=(674)
calls=1 0 
0 10

fn=(1340) __call_tls_dtors
0 16

fn=(1436)
0 16
cfn=(580)
calls=1 0 
0 17
0 138
cfn=(582)
calls=1 0 
0 14
0 31

fn=(1438) _Exit
0 3

fn=(238)
0 21

fn=(252)
0 23

fn=(262)
0 19

fn=(264)
0 21

fn=(266)
0 24

fn=(298)
0 25

fn=(436)
0 19
cfn=(438)
calls=1 0 
0 62

fn=(516)
0 10
cfn=(518)
calls=1 0 
0 39
0 8

fn=(520)
0 42

fn=(548)
0 14
cob=(4)
cfi=(4)
cfn=(550)
calls=1 0 
0 793
0 12
cfn=(572)
calls=1 0 
0 68
0 4
cfn=(576) _IO_new_file_init_internal
calls=1 0 
0 130
0 5
cfn=(584)
calls=1 0 
0 281
0 18

fn=(564)
0 12
cfn=(566) sbrk
calls=2 0 
0 82
0 10

fn=(566)
0 38
cfn=(568)
calls=1 0 
0 13
0 12
cfn=(568)
calls=1 0 
0 13
0 6

fn=(582)
0 686

fn=(594)
0 21

fn=(598)
0 1883
cob=(4)
cfi=(4)
cfn=(624)
calls=1 0 
0 391
0 14
cob=(4)
cfi=(4)
cfn=(630)
calls=1 0 
0 32
0 245
cob=(4)
cfi=(4)
cfn=(630)
calls=49 0 
0 1264
0 160
cfn=(600)
calls=5 0 
0 660
0 50
cob=(4)
cfi=(4)
cfn=(620)
calls=5 0 
0 166
0 180
cob=(4)
cfi=(4)
cfn=(620)
calls=45 0 
0 2329
0 1264
cob=(4)
cfi=(4)
cfn=(550)
calls=1 0 
0 212
0 11
cfn=(600)
calls=1 0 
0 454
0 231

fn=(638)
0 630
cob=(4)
cfi=(4)
cfn=(640)
calls=45 0 
0 1761
0 270
cfn=(612)
calls=45 0 
0 1125
0 1035

fn=(642)
0 1721

fn=(650)
0 23446

fn=(678) _IO_default_finish
0 22

fn=(680)
0 18
cob=(4)
cfi=(4)
cfn=(682)
calls=1 0 
0 13
0 9

fn=(692)
0 25
cfn=(694)
calls=1 0 
0 239
0 4

fn=(1278)
0 10
cfn=(518)
calls=1 0 
0 39
0 8

fn=(1344)
0 45

fn=(1348)
0 37

fn=(1360)
0 184
cfn=(1362)
calls=4 0 
0 96
0 68

fn=(256)
0 24

fn=(258)
0 24

fn=(272)
0 42

fn=(392)
0 22

fn=(528)
0 26
cfn=(530)
calls=1 0 
0 101
0 12

fn=(560)
0 7272
cfn=(856)
calls=12 0 
0 2284
0 6592
cfn=(1028)
calls=22 0 
0 590
0 791
cfn=(1028)
calls=3 0 
0 105
0 250
cfn=(570)
calls=58 0 
0 522
0 942
cfn=(562)
calls=1 0 
0 268
0 6
cfn=(570)
calls=1 0 
0 9
0 13

fn=(576)
0 9
cfn=(578)
calls=1 0 
0 116
0 5

fn=(676)
0 5
cfn=(678)
calls=1 0 
0 22

fn=(688)
0 10
cob=(4)
cfi=(4)
cfn=(690)
calls=1 0 
0 270
0 10

fn=(698)
0 13

fn=(712)
0 34

fn=(1338) __run_exit_handlers
0 65
cfn=(1438)
calls=1 0 
0 3
0 13
cob=(1)
cfi=(1)
cfn=(1342)
calls=1 0 
0 1668
0 5
cfn=(1434)
calls=1 0 
0 422
0 2
cfn=(1340)
calls=1 0 
0 16
0 1

fn=(220)
0 56

fn=(244)
0 23

fn=(246)
0 26

fn=(270)
0 56

fn=(402)
0 11
cob=(4)
cfi=(4)
cfn=(398)
calls=1 0 
0 27
0 4
cob=(4)
cfi=(4)
cfn=(398)
calls=1 0 
0 27
0 4
cob=(4)
cfi=(4)
cfn=(398)
calls=1 0 
0 27
0 4
cob=(4)
cfi=(4)
cfn=(398)
calls=1 0 
0 27
0 4
cob=(4)
cfi=(4)
cfn=(398)
calls=1 0 
0 27
0 14

fn=(406)
0 21

fn=(442)
0 29

fn=(530)
0 95
cfn=(532)
calls=5 0 
0 314

fn=(610)
0 11

fn=(614)
0 156

fn=(616)
0 30
cfn=(618)
calls=6 0 
0 66

fn=(626)
0 993
cfn=(552)
calls=2 0 
0 420
0 4311
cfn=(628)
calls=73 0 
0 24222
0 803

fn=(646)
0 4860

fn=(666)
0 6
cfn=(668)
calls=2 0 
0 22

fn=(684)
0 337

fn=(708)
0 148

fn=(1336)
0 7
cfn=(1338)
calls=1 0 
0 2195

fn=(234)
0 25

fn=(242)
0 56

fn=(268)
0 28

fn=(282)
0 23

fn=(296)
0 21

totals: 359181320
